{
  "train_losses": [
    0.07697681169956923,
    0.06741159020790032,
    0.0644963048930679,
    0.06367852474961962,
    0.062228205959711756,
    0.061112316591399055,
    0.06092513900782381,
    0.05850173628755978,
    0.058178562245198656,
    0.05685569452387946,
    0.05658062119036913,
    0.055400146490761214,
    0.054581585872386186,
    0.05374015656166843,
    0.05302482106323753,
    0.05205262013311897,
    0.053193777027939045,
    0.0508151506206819,
    0.04944854494450348,
    0.04952341028090034,
    0.04934386210516095,
    0.04788205324273024,
    0.04890175820993525,
    0.0478109599756343,
    0.046594304870814084,
    0.046879906659679754,
    0.046337807457894085,
    0.04387867505263005,
    0.0461812311916479,
    0.04451634263885873,
    0.04501901835735355,
    0.04420291024393269,
    0.04460788919989552,
    0.04171715933563454,
    0.044040603350315774,
    0.043055250934724294,
    0.04253251049667597,
    0.04351132581276553,
    0.04298079530043261,
    0.04137254000774452,
    0.0406738633023841,
    0.040464343316853044,
    0.04125213364937476,
    0.04076028737638678,
    0.04074570502021483,
    0.03913801174078669,
    0.040352735734943836,
    0.0394326098662402,
    0.03850963558735592,
    0.03920973255964262,
    0.0388108877731221,
    0.03859430449083447,
    0.03813820809924177,
    0.037444453673171146,
    0.036790550433631455,
    0.03593099324830941,
    0.037763366874839575,
    0.03583349568237151,
    0.0355544334876218,
    0.03498466739963208,
    0.035701893509498664,
    0.03540848518189575,
    0.03457469747268728,
    0.03650195552036166
  ],
  "val_losses": [
    0.04536799548400773,
    0.038905989999572434,
    0.038291243008441396,
    0.04345272667706013,
    0.052737677883770734,
    0.03531119154973163,
    0.05643046978447172,
    0.03716504108160734,
    0.043505212085114583,
    0.04379208758473396,
    0.033977325436555676,
    0.04924827958974573,
    0.03723807643271155,
    0.03797790014909373,
    0.027018459332692955,
    0.03995356884681516,
    0.032999037195824914,
    0.03579507095532285,
    0.03679059952911404,
    0.04474163490037123,
    0.04663083329796791,
    0.035811680213858686,
    0.036310274335038334,
    0.045420086942613125,
    0.04698577109310362,
    0.03595668812178903,
    0.029341825284063816,
    0.05177632553709878,
    0.03948428176550402,
    0.030684078513230715,
    0.040158205251726836,
    0.052273753409584366,
    0.03600437235501078,
    0.027689266904619418,
    0.04711743620120817,
    0.03440924850292504,
    0.04073247150518,
    0.03530789363301463,
    0.03543658135458827,
    0.04045481736668282,
    0.03649403967170252,
    0.05020386063390308,
    0.02919013370087163,
    0.025757329874775477,
    0.03398500670058032,
    0.035178771863381066,
    0.036240894399169415,
    0.04905439527808792,
    0.04063227814104822,
    0.028452612821840577,
    0.038445253752999835,
    0.04698257934716013,
    0.04076989332679659,
    0.041948706868829,
    0.04143772639023761,
    0.03137091104872525,
    0.040591758805223636,
    0.054020588389701314,
    0.040704582145230636,
    0.03714735500721468,
    0.044455318711698055,
    0.03901042005357643,
    0.05162448138515982,
    0.04494555930917462
  ],
  "val_f1s": [
    0.5111111111111111,
    0.5066666666666667,
    0.5121951219512195,
    0.5057471264367817,
    0.46511627906976744,
    0.47619047619047616,
    0.46511627906976744,
    0.5569620253164557,
    0.4578313253012048,
    0.4835164835164835,
    0.5168539325842697,
    0.47619047619047616,
    0.5494505494505495,
    0.4888888888888889,
    0.6153846153846154,
    0.5168539325842697,
    0.5185185185185185,
    0.5301204819277109,
    0.5454545454545454,
    0.5168539325842697,
    0.5783132530120482,
    0.5384615384615384,
    0.5111111111111111,
    0.4835164835164835,
    0.46808510638297873,
    0.5287356321839081,
    0.6301369863013698,
    0.5227272727272727,
    0.5714285714285714,
    0.575,
    0.5176470588235295,
    0.42016806722689076,
    0.5882352941176471,
    0.7142857142857143,
    0.49504950495049505,
    0.5609756097560976,
    0.575,
    0.6197183098591549,
    0.5974025974025974,
    0.5319148936170213,
    0.5647058823529412,
    0.5208333333333334,
    0.5945945945945946,
    0.5882352941176471,
    0.5783132530120482,
    0.5714285714285714,
    0.5945945945945946,
    0.5376344086021505,
    0.56,
    0.6756756756756757,
    0.5897435897435898,
    0.5227272727272727,
    0.5476190476190477,
    0.5517241379310345,
    0.5411764705882353,
    0.575,
    0.5925925925925926,
    0.46808510638297873,
    0.6388888888888888,
    0.6133333333333333,
    0.5714285714285714,
    0.5753424657534246,
    0.5783132530120482,
    0.5977011494252874
  ],
  "best_epoch": 33
}