{
  "train_losses": [
    0.08937326145205794,
    0.08143610111569281,
    0.07843351033700388,
    0.0744733283411985,
    0.07228571534325175,
    0.07087310176279585,
    0.06893160049987715,
    0.06821322451624492,
    0.06581327465420726,
    0.0654583944502355,
    0.06460533797277906,
    0.06482410911828448,
    0.06336576827291378,
    0.06336758328380726,
    0.06148478669761601,
    0.06248366112405129,
    0.0620951593332624,
    0.06182355560509667,
    0.061333423148903804,
    0.06007259013394346,
    0.05994116396006555,
    0.06117843436656025,
    0.05918573072485331,
    0.06127720708185333,
    0.058816437656849116,
    0.06077634849938127,
    0.057753939534100775,
    0.057982376602999236,
    0.05930599850197296,
    0.05707421763615925,
    0.0580719194801177,
    0.05748143793204746,
    0.053745916918298955,
    0.0524583901199749,
    0.05374423229256592,
    0.053311090121877056,
    0.052554472252242475,
    0.05270600811404697,
    0.051914969527578285,
    0.05234171898435738,
    0.052549961791242245,
    0.049233903868997335,
    0.04950844650130488,
    0.04838279123802138,
    0.050294977349707976,
    0.04925581874157497,
    0.04935021196244716,
    0.047411471999929115
  ],
  "val_losses": [
    0.08004619827760118,
    0.07811873193298068,
    0.07767632777935692,
    0.08185823358861463,
    0.10235407140571624,
    0.07560684706217476,
    0.08178659423387476,
    0.0782095481541806,
    0.0760563261940011,
    0.10207981678457664,
    0.0785709106163787,
    0.08539814600787525,
    0.08214466835239104,
    0.07886836154419663,
    0.07305553446390799,
    0.07658231453970074,
    0.08147977361721652,
    0.07768315191247634,
    0.08390886112382369,
    0.08386579670810274,
    0.07484100947289594,
    0.1126061892585962,
    0.0711395022193236,
    0.08303573226689227,
    0.08042312075184392,
    0.09642566073286746,
    0.0787394433681454,
    0.11742305946702669,
    0.07623499760936414,
    0.07349946201512857,
    0.07380804546576525,
    0.07488169301899948,
    0.08585651833564042,
    0.0818363837864516,
    0.08186545111238956,
    0.08708051350300333,
    0.09661459566975411,
    0.09784879712263189,
    0.11009427097763234,
    0.0885920662565955,
    0.10506511816638522,
    0.0949328869198715,
    0.11827555553879522,
    0.12451383621727083,
    0.1060845074493305,
    0.12580579682565127,
    0.10810063621736066,
    0.11041830117423419
  ],
  "best_epoch": 22
}