{
  "train_losses": [
    0.543504399061203,
    0.4822490120927493,
    0.44073542902866997,
    0.42522807816664376,
    0.4159393236041069,
    0.41365093092123667,
    0.40124528060356773,
    0.3875776186585426,
    0.38528132140636445,
    0.36992652316888175,
    0.3638038069009781,
    0.35305909713109335,
    0.3481092835466067,
    0.3397302468617757,
    0.33455245196819305,
    0.32479340756932895,
    0.3188107281923294,
    0.31605792765816054,
    0.30769676888982456,
    0.3029679166773955,
    0.30273362174630164,
    0.29054168313741685,
    0.28554808869957926,
    0.2843361109495163,
    0.27811880682905515,
    0.2765028816958269,
    0.2736858159303665,
    0.26904547984401384,
    0.2592214847604434,
    0.25566317861278853,
    0.25514939352869986,
    0.24767036214470864,
    0.24116895472009978,
    0.23896361390749613,
    0.2374882072210312,
    0.22874382858475048,
    0.22615352123975754,
    0.2221936970949173,
    0.22100673566261927,
    0.2134884215891361,
    0.21395651549100875,
    0.2115101434290409,
    0.20161889294783275,
    0.20914568056662877,
    0.20431722290813922,
    0.1968097858130932,
    0.19755246937274934,
    0.19762593917548657,
    0.189527095357577,
    0.19205571574469407,
    0.18960134548445542,
    0.18842628126343092,
    0.1833592650791009,
    0.19244979396462442
  ],
  "val_losses": [
    0.5691238641738892,
    0.547709584236145,
    0.6189161539077759,
    0.5185914635658264,
    0.536171555519104,
    0.573867917060852,
    0.6299753189086914,
    0.5802754759788513,
    0.5925962924957275,
    0.6267315745353699,
    0.6187858581542969,
    0.6202765703201294,
    0.6190721988677979,
    0.6926690936088562,
    0.7434824109077454,
    0.5487672090530396,
    0.6821575164794922,
    0.7061273455619812,
    0.6867831349372864,
    0.5309416055679321,
    0.45156583189964294,
    0.6262763142585754,
    0.8885658383369446,
    0.6633642911911011,
    0.771414041519165,
    0.6583818197250366,
    0.755221962928772,
    0.7484931349754333,
    0.755330502986908,
    0.7497299313545227,
    0.7045761346817017,
    0.7588529586791992,
    0.6861162185668945,
    0.7322996854782104,
    0.6993948221206665,
    0.7323907613754272,
    0.7206498384475708,
    0.6480987071990967,
    0.8155766129493713,
    0.751931369304657,
    0.7074301838874817,
    0.691092848777771,
    0.6818917989730835,
    0.7248181700706482,
    0.6864425539970398,
    0.7447431683540344,
    0.7102994322776794,
    0.6354231238365173,
    0.6363848447799683,
    0.6553926467895508,
    0.684408962726593,
    0.7123916149139404,
    0.7362321615219116,
    0.7281138300895691
  ],
  "val_f1s": [
    0.5681818181818182,
    0.44155844155844154,
    0.5161290322580645,
    0.6923076923076923,
    0.5348837209302325,
    0.45652173913043476,
    0.6185567010309279,
    0.46511627906976744,
    0.5957446808510638,
    0.5416666666666666,
    0.625,
    0.48936170212765956,
    0.49382716049382713,
    0.4883720930232558,
    0.5833333333333334,
    0.5869565217391305,
    0.6382978723404256,
    0.5393258426966292,
    0.49411764705882355,
    0.6206896551724138,
    0.6590909090909091,
    0.6185567010309279,
    0.5686274509803921,
    0.5581395348837209,
    0.5319148936170213,
    0.574468085106383,
    0.5274725274725275,
    0.574468085106383,
    0.6236559139784946,
    0.5555555555555556,
    0.4883720930232558,
    0.5652173913043478,
    0.6021505376344086,
    0.43243243243243246,
    0.5934065934065934,
    0.5853658536585366,
    0.45569620253164556,
    0.5301204819277109,
    0.4523809523809524,
    0.5714285714285714,
    0.5128205128205128,
    0.6086956521739131,
    0.410958904109589,
    0.5909090909090909,
    0.5813953488372093,
    0.5176470588235295,
    0.5517241379310345,
    0.627906976744186,
    0.627906976744186,
    0.5454545454545454,
    0.5714285714285714,
    0.48717948717948717,
    0.4675324675324675,
    0.5063291139240507
  ],
  "best_epoch": 3
}