{
  "train_losses": [
    0.08097191502229642,
    0.03892146492913618,
    0.03400931144291061,
    0.0318208542510362,
    0.03163126784266304,
    0.02963377803690353,
    0.030887345041511423,
    0.026569399225004647,
    0.023428346914381296,
    0.027574360536379836,
    0.02538453935945438,
    0.021590305318645503,
    0.01962868236321009,
    0.0210631385966504,
    0.019869488537690397,
    0.01805077479773406,
    0.014705618119293476,
    0.015976164754385413,
    0.015307649459011094,
    0.013236581537304289,
    0.012813983149668676,
    0.014058869282746593,
    0.014704392451429897,
    0.011216509718274287,
    0.013560324242354323,
    0.013877944084539441,
    0.013640992619665497,
    0.008959167662581776,
    0.011529170813323077,
    0.012647145660594106,
    0.010349119243890805,
    0.008830037887476511,
    0.010492304523507039,
    0.008285269220122847,
    0.008504488418604864,
    0.009741798410255272,
    0.008521634714393798,
    0.012206095337899308,
    0.009357538539916277,
    0.008435501897573408,
    0.006104289595988753,
    0.007720875080232903,
    0.009028548735856883,
    0.009747290352390985,
    0.006813303970976465,
    0.006953430612634678,
    0.007790704660307048,
    0.007014940658552667,
    0.006512892955393231,
    0.005372208565812937,
    0.007250244299076118,
    0.005288612738772595,
    0.006473577841800653,
    0.00670853866879844,
    0.006853303509484187,
    0.004962070006482556,
    0.0031553650651249435,
    0.009540684868471098,
    0.0059271387576314985,
    0.0050519859384729575,
    0.005722276021931636,
    0.006284663948956561,
    0.004674648319497325,
    0.004826217199679685,
    0.005219904344303975,
    0.004429081025221622,
    0.007284135731840822,
    0.005303171258843977,
    0.004700676070909031,
    0.0049286672282644346,
    0.004582143872601406,
    0.004931171936717011,
    0.005694688393998796,
    0.004890333467224313,
    0.0062249720987461316,
    0.003733795396667921,
    0.00744665258858053,
    0.002999522216406935,
    0.002466097982428668,
    0.0025706563571120723,
    0.003857142642935564,
    0.004426859030638174,
    0.004662283132409172,
    0.0035741296115871994,
    0.002849981183841256,
    0.003279084460099496,
    0.0028779200649173076,
    0.00437633607139953
  ],
  "val_losses": [
    0.05751273019446267,
    0.015607224673860602,
    0.0160515406065517,
    0.0069556712612716684,
    0.0566257721847958,
    0.010668337174380819,
    0.020755760309596857,
    0.04978028845248951,
    0.07870237923537692,
    0.019555902279292544,
    0.04921062723992185,
    0.051838538526660864,
    0.005820100531531757,
    0.004763124905811209,
    0.0051336226612976234,
    0.0070968177476768484,
    0.00568179102265276,
    0.01683177649910148,
    0.0035871256733824137,
    0.012756651445912818,
    0.004709196870680899,
    0.005082637955314971,
    0.0029397788599857854,
    0.011807672661315235,
    0.004047403533089285,
    0.007965337010359185,
    0.0035934788508004407,
    0.0048177693310814595,
    0.02318972638782321,
    0.008320344852594037,
    0.01026389666706867,
    0.009862601771924853,
    0.004408656707689968,
    0.004185443565236508,
    0.004167821216914389,
    0.003289083491189457,
    0.00548117954280719,
    0.006859090477357515,
    0.005847857708674079,
    0.003316334184637526,
    0.014043108134339692,
    0.003768001781968956,
    0.0048336565096785,
    0.00519122806322735,
    0.0037600081254317453,
    0.005387663330313646,
    0.004056407319027736,
    0.0036540808876452504,
    0.007062649474957854,
    0.008167736248328259,
    0.004604549051065179,
    0.0057034004192650575,
    0.0038649109680490156,
    0.0033984642434410892,
    0.005363490615531596,
    0.0054583966115994064,
    0.006254918464744858,
    0.003037720253471182,
    0.008544736887819858,
    0.003964365912300612,
    0.007545961529022962,
    0.003968404406623449,
    0.0073892699142662525,
    0.004931933940436769,
    0.009015617481620414,
    0.00857186855351352,
    0.004113702090358452,
    0.005344391832639101,
    0.005487776835353644,
    0.00499631522369681,
    0.005735929037150022,
    0.003895967648683533,
    0.004239392131098106,
    0.005665738202636324,
    0.0050228255368286534,
    0.003704473806768268,
    0.005804923928371864,
    0.007678516005439127,
    0.007277626218435924,
    0.008585199976530728,
    0.008928053218349103,
    0.004757236158103397,
    0.00591808842679408,
    0.007941496324444111,
    0.005420877288997872,
    0.006969029562201791,
    0.00914008402649213,
    0.006591911561311766
  ],
  "val_f1s": [
    0.0,
    0.0,
    0.0,
    0.0,
    0.0,
    0.0,
    0.0,
    0.17543859649122806,
    0.02233502538071066,
    0.05263157894736842,
    0.23655913978494625,
    0.1411764705882353,
    0.10526315789473684,
    0.16,
    0.47058823529411764,
    0.42857142857142855,
    0.23529411764705882,
    0.19642857142857142,
    0.32,
    0.21428571428571427,
    0.3333333333333333,
    0.45454545454545453,
    0.125,
    0.3055555555555556,
    0.4827586206896552,
    0.2962962962962963,
    0.2727272727272727,
    0.11764705882352941,
    0.2,
    0.5128205128205128,
    0.3492063492063492,
    0.3018867924528302,
    0.47368421052631576,
    0.3333333333333333,
    0.5384615384615384,
    0.5217391304347826,
    0.4878048780487805,
    0.23255813953488372,
    0.42857142857142855,
    0.3076923076923077,
    0.22535211267605634,
    0.43478260869565216,
    0.5294117647058824,
    0.46511627906976744,
    0.3157894736842105,
    0.125,
    0.5405405405405406,
    0.5217391304347826,
    0.3902439024390244,
    0.2564102564102564,
    0.37037037037037035,
    0.41379310344827586,
    0.5161290322580645,
    0.5,
    0.4827586206896552,
    0.38095238095238093,
    0.4444444444444444,
    0.6428571428571429,
    0.4090909090909091,
    0.36363636363636365,
    0.45,
    0.5333333333333333,
    0.4117647058823529,
    0.5,
    0.42857142857142855,
    0.4186046511627907,
    0.36363636363636365,
    0.42857142857142855,
    0.38461538461538464,
    0.5,
    0.3870967741935484,
    0.43478260869565216,
    0.3870967741935484,
    0.5263157894736842,
    0.4166666666666667,
    0.6153846153846154,
    0.3333333333333333,
    0.5,
    0.45714285714285713,
    0.4,
    0.42857142857142855,
    0.46153846153846156,
    0.5625,
    0.4186046511627907,
    0.5333333333333333,
    0.5128205128205128,
    0.46153846153846156,
    0.47368421052631576
  ],
  "best_epoch": 57
}