{
  "train_losses": [
    0.5521042212363212,
    0.5221886250280565,
    0.40381287086394524,
    0.34725307745318257,
    0.3070163505692636,
    0.27572676154874987,
    0.26104962297024265,
    0.2468415640534893,
    0.23491281222912572,
    0.2167678206197677,
    0.2224191129207611,
    0.20589159477141597,
    0.20345684261091293,
    0.20735311700451758,
    0.18810065667475423,
    0.18222430877147183,
    0.18089982554797204,
    0.17196283777875285,
    0.16631182355265464,
    0.16976743936538696,
    0.16455354060857527,
    0.15082580331833131,
    0.15704832826891252,
    0.14155006096247705,
    0.13846851861284626,
    0.14020554841526092,
    0.1266787155501304,
    0.12510922190643126,
    0.1191659711541668,
    0.12274673292713781,
    0.1117041822402708,
    0.10880126023004132,
    0.11488752163225605,
    0.1050292662074489,
    0.10499224090768446,
    0.09868205759313799,
    0.09471037034546176,
    0.09419181558393663,
    0.08918046795072095,
    0.08538251286072115,
    0.0923103466629982,
    0.08029617321106695,
    0.0756164723105969,
    0.07106262980209242,
    0.07906224494499545,
    0.0710363766599086,
    0.06769812858152774,
    0.06602998167997406,
    0.06744530640782849,
    0.06933313283708788,
    0.0585370131077305,
    0.06757192611093482,
    0.06705819629132748,
    0.06647794201008735,
    0.07049373651464139,
    0.10386954175849114,
    0.12682436166271085,
    0.1316556077330343
  ],
  "val_losses": [
    0.5973824560642242,
    0.7259282469749451,
    0.8741268515586853,
    1.0553411841392517,
    1.5284236669540405,
    1.0754770040512085,
    1.0645345449447632,
    1.2496537566184998,
    1.0592595338821411,
    1.6236947774887085,
    1.7878468036651611,
    1.69184148311615,
    1.3286863267421722,
    2.3575563430786133,
    1.3028342723846436,
    2.263696610927582,
    1.9427869319915771,
    1.7880337238311768,
    2.0612515807151794,
    2.453830361366272,
    2.517130494117737,
    2.5600980520248413,
    2.037212610244751,
    2.392417788505554,
    2.5504846572875977,
    2.2280521392822266,
    2.486808657646179,
    2.8611825704574585,
    3.2193069458007812,
    2.1049978733062744,
    2.65969181060791,
    2.6464922428131104,
    3.200391411781311,
    2.5754308700561523,
    2.7159230709075928,
    2.9480934143066406,
    3.1822036504745483,
    2.8745020627975464,
    2.7478164434432983,
    3.353889584541321,
    2.915417790412903,
    2.9973931312561035,
    3.1424299478530884,
    3.5661492347717285,
    3.4112298488616943,
    3.414720892906189,
    3.3041605949401855,
    3.2986618280410767,
    3.4926921129226685,
    3.5088698863983154,
    3.580601453781128,
    3.501942276954651,
    3.5076252222061157,
    3.5279133319854736,
    3.5258959531784058,
    2.8543684482574463,
    1.85286146402359,
    2.2695574164390564
  ],
  "val_f1s": [
    0.0,
    0.34057971014492755,
    0.0425531914893617,
    0.3076923076923077,
    0.3435114503816794,
    0.3350253807106599,
    0.2857142857142857,
    0.3942307692307692,
    0.32038834951456313,
    0.3659574468085106,
    0.31527093596059114,
    0.23469387755102042,
    0.26436781609195403,
    0.28125,
    0.330188679245283,
    0.3252032520325203,
    0.3020408163265306,
    0.2978723404255319,
    0.31666666666666665,
    0.29535864978902954,
    0.2821576763485477,
    0.2689075630252101,
    0.29107981220657275,
    0.2924901185770751,
    0.26666666666666666,
    0.26666666666666666,
    0.26548672566371684,
    0.25,
    0.2755905511811024,
    0.2907488986784141,
    0.27705627705627706,
    0.29107981220657275,
    0.3020408163265306,
    0.29767441860465116,
    0.2831858407079646,
    0.27467811158798283,
    0.26337448559670784,
    0.2857142857142857,
    0.2922374429223744,
    0.270042194092827,
    0.2909090909090909,
    0.27350427350427353,
    0.27927927927927926,
    0.27705627705627706,
    0.28444444444444444,
    0.2807017543859649,
    0.2743362831858407,
    0.2782608695652174,
    0.2807017543859649,
    0.2782608695652174,
    0.27705627705627706,
    0.2782608695652174,
    0.28444444444444444,
    0.2782608695652174,
    0.2782608695652174,
    0.2901960784313726,
    0.3147208121827411,
    0.3229166666666667
  ],
  "best_epoch": 7
}