{
  "train_losses": [
    0.231901301948078,
    0.07768101943030352,
    0.09281265333445217,
    0.09788656935164697,
    0.05982637939117995,
    0.0751508230877836,
    0.0801412400271204,
    0.06183436470306056,
    0.07439034852207609,
    0.06786205279685227,
    0.03544033916203857,
    0.0358664577496764,
    0.06040540623492197,
    0.03320348039923957,
    0.06810127507523016,
    0.047231036994745644,
    0.04533410870251241,
    0.06122110680090809,
    0.028492535026260465,
    0.028772768050588426,
    0.03733934360348989,
    0.045046071263935,
    0.03362221592050295,
    0.023654281580394888,
    0.04399455117968684,
    0.037263878034610315
  ],
  "val_losses": [
    2.2742342352867126,
    16.589955425262453,
    19.02849054336548,
    21.025035667419434,
    43.61318740844727,
    42.46583995819092,
    37.3128849029541,
    38.691007423400876,
    36.27432746887207,
    20.500045490264892,
    30.611153221130373,
    37.64808578491211,
    37.472726058959964,
    46.61623744964599,
    42.37967796325684,
    42.42768878936768,
    31.294844245910646,
    46.23248100280762,
    43.427618980407715,
    50.735219955444336,
    41.8348783493042,
    38.360523796081544,
    40.77236537933349,
    36.493127250671385,
    49.991665840148926,
    43.61155700683594
  ],
  "best_epoch": 0
}