{
  "squat": {
    "accuracy": 0.7218456725755996,
    "precision": 0.07941834451901567,
    "recall": 0.2253968253968254,
    "f1": 0.11745244003308519,
    "best_epoch": 50,
    "best_val_loss": 0.014627038369543027,
    "best_threshold": 0.1,
    "n_train": 9460,
    "n_test": 3836,
    "n_params": 153794,
    "input_dim": 16,
    "hidden_dim": 64,
    "num_layers": 2
  },
  "lunge": {
    "accuracy": 0.7088212334113974,
    "precision": 0.105,
    "recall": 0.7368421052631579,
    "f1": 0.1838074398249453,
    "best_epoch": 0,
    "best_val_loss": 0.2605167447030544,
    "best_threshold": 0.8500000000000002,
    "n_train": 5827,
    "n_test": 1281,
    "n_params": 151746,
    "input_dim": 12,
    "hidden_dim": 64,
    "num_layers": 2
  },
  "deadlift": {
    "accuracy": 0.5640270827200471,
    "precision": 0.49012074643249176,
    "recall": 0.6179930795847751,
    "f1": 0.5466789103152739,
    "best_epoch": 7,
    "best_val_loss": 0.11859623343399209,
    "best_threshold": 0.1,
    "n_train": 11222,
    "n_test": 3397,
    "n_params": 152258,
    "input_dim": 13,
    "hidden_dim": 64,
    "num_layers": 2
  },
  "bench_press": {
    "accuracy": 0.7157381615598886,
    "precision": 0.7056702720419534,
    "recall": 0.946165677872995,
    "f1": 0.8084107763071435,
    "best_epoch": 22,
    "best_val_loss": 0.0711395022193236,
    "best_threshold": 0.30000000000000004,
    "n_train": 11325,
    "n_test": 7180,
    "n_params": 150722,
    "input_dim": 10,
    "hidden_dim": 64,
    "num_layers": 2
  },
  "overhead_press": {
    "accuracy": 0.6366782006920415,
    "precision": 0.0,
    "recall": 0.0,
    "f1": 0.0,
    "best_epoch": 2,
    "best_val_loss": 0.1965119997311073,
    "best_threshold": 0.5,
    "n_train": 6434,
    "n_test": 3468,
    "n_params": 151746,
    "input_dim": 12,
    "hidden_dim": 64,
    "num_layers": 2
  },
  "pullup": {
    "accuracy": 0.9114708921805029,
    "precision": 0.048,
    "recall": 0.3870967741935484,
    "f1": 0.08540925266903915,
    "best_epoch": 0,
    "best_val_loss": 1.097305553033948,
    "best_threshold": 0.8000000000000002,
    "n_train": 7191,
    "n_test": 2903,
    "n_params": 151234,
    "input_dim": 11,
    "hidden_dim": 64,
    "num_layers": 2
  },
  "pushup": {
    "accuracy": 0.47018828451882844,
    "precision": 0.0,
    "recall": 0.0,
    "f1": 0.0,
    "best_epoch": 0,
    "best_val_loss": 0.2646564783666421,
    "best_threshold": 0.5,
    "n_train": 6867,
    "n_test": 1912,
    "n_params": 151746,
    "input_dim": 12,
    "hidden_dim": 64,
    "num_layers": 2
  },
  "plank": {
    "accuracy": 0.7927829414980864,
    "precision": 0.1105121293800539,
    "recall": 0.45555555555555555,
    "f1": 0.17787418655097614,
    "best_epoch": 0,
    "best_val_loss": 0.5481244325637817,
    "best_threshold": 0.8500000000000002,
    "n_train": 4187,
    "n_test": 1829,
    "n_params": 151234,
    "input_dim": 11,
    "hidden_dim": 64,
    "num_layers": 2
  },
  "bicep_curl": {
    "accuracy": 0.8024231127679403,
    "precision": 0.24561403508771928,
    "recall": 0.5833333333333334,
    "f1": 0.345679012345679,
    "best_epoch": 0,
    "best_val_loss": 2.2742342352867126,
    "best_threshold": 0.8500000000000002,
    "n_train": 7135,
    "n_test": 1073,
    "n_params": 151234,
    "input_dim": 11,
    "hidden_dim": 64,
    "num_layers": 2
  },
  "tricep_dip": {
    "accuracy": 0.3286852589641434,
    "precision": 0.033236994219653176,
    "recall": 0.8214285714285714,
    "f1": 0.06388888888888888,
    "best_epoch": 0,
    "best_val_loss": 0.06241739677664425,
    "best_threshold": 0.6000000000000002,
    "n_train": 4580,
    "n_test": 1004,
    "n_params": 150210,
    "input_dim": 9,
    "hidden_dim": 64,
    "num_layers": 2
  }
}