{
  "bench_press": {
    "accuracy": 0.6776981450252951,
    "precision": 0.689261889391005,
    "recall": 0.9741484184914841,
    "f1": 0.8073093887838689,
    "train_f1": 0.4914383561643836,
    "best_epoch": 33,
    "best_val_loss": 0.027689266904619418,
    "best_val_f1": 0.7142857142857143,
    "threshold_used_for_eval": 0.5,
    "val_best_thresh_info": 0.5000000000000001,
    "n_train": 4465,
    "n_val": 264,
    "n_test": 4744,
    "n_params": 797801,
    "input_dim": 99,
    "hidden_dim": 128,
    "num_layers": 2,
    "use_landmarks": true,
    "use_conv": true,
    "swa_used": true,
    "confusion_matrix": {
      "TP": 3203,
      "FP": 1444,
      "TN": 12,
      "FN": 85
    }
  },
  "squat": {
    "accuracy": 0.030235518777848504,
    "precision": 0.02682848930054296,
    "recall": 1.0,
    "f1": 0.05225505443234837,
    "train_f1": 0.1044340723453909,
    "best_epoch": 57,
    "best_val_loss": 0.002894756801176067,
    "best_val_f1": 0.0,
    "threshold_used_for_eval": 0.5,
    "val_best_thresh_info": 0.5,
    "n_train": 3270,
    "n_val": 1360,
    "n_test": 3142,
    "n_params": 797801,
    "input_dim": 99,
    "hidden_dim": 128,
    "num_layers": 2,
    "use_landmarks": true,
    "use_conv": true,
    "swa_used": true,
    "confusion_matrix": {
      "TP": 84,
      "FP": 3047,
      "TN": 11,
      "FN": 0
    }
  },
  "lunge": {
    "accuracy": 0.0673758865248227,
    "precision": 0.0673758865248227,
    "recall": 1.0,
    "f1": 0.12624584717607973,
    "train_f1": 0.04336043360433604,
    "best_epoch": 1,
    "best_val_loss": 0.04125674349294665,
    "best_val_f1": 0.0,
    "threshold_used_for_eval": 0.5,
    "val_best_thresh_info": 0.1,
    "n_train": 2166,
    "n_val": 374,
    "n_test": 564,
    "n_params": 797801,
    "input_dim": 99,
    "hidden_dim": 128,
    "num_layers": 2,
    "use_landmarks": true,
    "use_conv": true,
    "swa_used": true,
    "confusion_matrix": {
      "TP": 38,
      "FP": 526,
      "TN": 0,
      "FN": 0
    }
  },
  "deadlift": {
    "accuracy": 0.8805069402534701,
    "precision": 0.0,
    "recall": 0.0,
    "f1": 0.0,
    "train_f1": 0.0,
    "best_epoch": 28,
    "best_val_loss": 0.012120297215192411,
    "best_val_f1": 0.10810810810810811,
    "threshold_used_for_eval": 0.5,
    "val_best_thresh_info": 0.1,
    "n_train": 4116,
    "n_val": 1228,
    "n_test": 1657,
    "n_params": 797801,
    "input_dim": 99,
    "hidden_dim": 128,
    "num_layers": 2,
    "use_landmarks": true,
    "use_conv": true,
    "swa_used": true,
    "confusion_matrix": {
      "TP": 0,
      "FP": 0,
      "TN": 1459,
      "FN": 198
    }
  },
  "overhead_press": {
    "accuracy": 0.7941888619854721,
    "precision": 0.0,
    "recall": 0.0,
    "f1": 0.0,
    "train_f1": 0.0512,
    "best_epoch": 40,
    "best_val_loss": 0.02181377614106168,
    "best_val_f1": 0.5142857142857142,
    "threshold_used_for_eval": 0.5,
    "val_best_thresh_info": 0.1,
    "n_train": 2403,
    "n_val": 789,
    "n_test": 1652,
    "n_params": 797801,
    "input_dim": 99,
    "hidden_dim": 128,
    "num_layers": 2,
    "use_landmarks": true,
    "use_conv": true,
    "swa_used": true,
    "confusion_matrix": {
      "TP": 0,
      "FP": 340,
      "TN": 1312,
      "FN": 0
    }
  },
  "pullup": {
    "accuracy": 0.23868312757201646,
    "precision": 0.018741633199464525,
    "recall": 0.6666666666666666,
    "f1": 0.036458333333333336,
    "train_f1": 0.04838709677419355,
    "best_epoch": 54,
    "best_val_loss": 0.05635938209710007,
    "best_val_f1": 0.5697674418604651,
    "threshold_used_for_eval": 0.5,
    "val_best_thresh_info": 0.5000000000000001,
    "n_train": 2418,
    "n_val": 1218,
    "n_test": 972,
    "n_params": 797801,
    "input_dim": 99,
    "hidden_dim": 128,
    "num_layers": 2,
    "use_landmarks": true,
    "use_conv": true,
    "swa_used": true,
    "confusion_matrix": {
      "TP": 14,
      "FP": 733,
      "TN": 218,
      "FN": 7
    }
  },
  "pushup": {
    "accuracy": 0.9444444444444444,
    "precision": 0.0,
    "recall": 0.0,
    "f1": 0.0,
    "train_f1": 0.02666666666666667,
    "best_epoch": 6,
    "best_val_loss": 0.003422478394350037,
    "best_val_f1": 0.0,
    "threshold_used_for_eval": 0.5,
    "val_best_thresh_info": 0.5,
    "n_train": 2836,
    "n_val": 623,
    "n_test": 720,
    "n_params": 797801,
    "input_dim": 99,
    "hidden_dim": 128,
    "num_layers": 2,
    "use_landmarks": true,
    "use_conv": true,
    "swa_used": true,
    "confusion_matrix": {
      "TP": 0,
      "FP": 40,
      "TN": 680,
      "FN": 0
    }
  },
  "plank": {
    "accuracy": 0.0705958549222798,
    "precision": 0.0705958549222798,
    "recall": 1.0,
    "f1": 0.13188142770719904,
    "train_f1": 0.08353033884948778,
    "best_epoch": 20,
    "best_val_loss": 0.08329064269888807,
    "best_val_f1": 0.26666666666666666,
    "threshold_used_for_eval": 0.5,
    "val_best_thresh_info": 0.1,
    "n_train": 1216,
    "n_val": 336,
    "n_test": 1544,
    "n_params": 797801,
    "input_dim": 99,
    "hidden_dim": 128,
    "num_layers": 2,
    "use_landmarks": true,
    "use_conv": true,
    "swa_used": true,
    "confusion_matrix": {
      "TP": 109,
      "FP": 1435,
      "TN": 0,
      "FN": 0
    }
  },
  "bicep_curl": {
    "accuracy": 0.10590631364562118,
    "precision": 0.10590631364562118,
    "recall": 1.0,
    "f1": 0.19152854511970535,
    "train_f1": 0.13213213213213212,
    "best_epoch": 57,
    "best_val_loss": 0.003037720253471182,
    "best_val_f1": 0.6428571428571429,
    "threshold_used_for_eval": 0.5,
    "val_best_thresh_info": 0.1,
    "n_train": 1866,
    "n_val": 1411,
    "n_test": 491,
    "n_params": 797801,
    "input_dim": 99,
    "hidden_dim": 128,
    "num_layers": 2,
    "use_landmarks": true,
    "use_conv": true,
    "swa_used": true,
    "confusion_matrix": {
      "TP": 52,
      "FP": 439,
      "TN": 0,
      "FN": 0
    }
  },
  "tricep_dip": {
    "accuracy": 0.01873767258382643,
    "precision": 0.01873767258382643,
    "recall": 1.0,
    "f1": 0.036786060019361085,
    "train_f1": 0.13349084465445954,
    "best_epoch": 26,
    "best_val_loss": 0.2657605856657028,
    "best_val_f1": 0.6991869918699187,
    "threshold_used_for_eval": 0.5,
    "val_best_thresh_info": 0.1,
    "n_train": 1580,
    "n_val": 160,
    "n_test": 1014,
    "n_params": 797801,
    "input_dim": 99,
    "hidden_dim": 128,
    "num_layers": 2,
    "use_landmarks": true,
    "use_conv": true,
    "swa_used": true,
    "confusion_matrix": {
      "TP": 19,
      "FP": 995,
      "TN": 0,
      "FN": 0
    }
  }
}