{
  "bench_press": {
    "accuracy": 0.6270992366412214,
    "precision": 0.6571579503433703,
    "recall": 0.7913486005089059,
    "f1": 0.718037518037518,
    "train_f1": 0.847141876654574,
    "best_epoch": 3,
    "best_val_loss": 0.5185914635658264,
    "best_val_f1": 0.6923076923076923,
    "threshold_used_for_eval": 0.5,
    "val_best_thresh": 0.45000000000000007,
    "n_train": 7650,
    "n_val": 97,
    "n_test": 2620,
    "n_params": 797801,
    "input_dim": 99,
    "hidden_dim": 128,
    "num_layers": 2,
    "seq_len": 30,
    "use_landmarks": true,
    "use_conv": true,
    "swa_used": false,
    "amp_used": true,
    "compiled": false,
    "confusion_matrix": {
      "TP": 1244,
      "FP": 649,
      "TN": 399,
      "FN": 328
    }
  },
  "squat": {
    "accuracy": 0.6340941512125535,
    "precision": 0.5445086705202312,
    "recall": 0.7983050847457627,
    "f1": 0.6474226804123712,
    "train_f1": 0.9510416666666667,
    "best_epoch": 79,
    "best_val_loss": 1.149916633963585,
    "best_val_f1": 0.6595744680851063,
    "threshold_used_for_eval": 0.5,
    "val_best_thresh": 0.15000000000000002,
    "n_train": 5294,
    "n_val": 1385,
    "n_test": 2804,
    "n_params": 797801,
    "input_dim": 99,
    "hidden_dim": 128,
    "num_layers": 2,
    "seq_len": 45,
    "use_landmarks": true,
    "use_conv": true,
    "swa_used": false,
    "amp_used": true,
    "compiled": false,
    "confusion_matrix": {
      "TP": 942,
      "FP": 788,
      "TN": 836,
      "FN": 238
    }
  },
  "lunge": {
    "accuracy": 0.8241639697950378,
    "precision": 0.7653061224489796,
    "recall": 0.8086253369272237,
    "f1": 0.7863695937090432,
    "train_f1": 1.0,
    "best_epoch": 39,
    "best_val_loss": 1.4254153370857239,
    "best_val_f1": 0.7751937984496124,
    "threshold_used_for_eval": 0.5,
    "val_best_thresh": 0.25000000000000006,
    "n_train": 2500,
    "n_val": 437,
    "n_test": 927,
    "n_params": 2225612,
    "input_dim": 330,
    "hidden_dim": 128,
    "num_layers": 2,
    "seq_len": 30,
    "use_landmarks": true,
    "use_conv": true,
    "swa_used": false,
    "amp_used": true,
    "compiled": false,
    "confusion_matrix": {
      "TP": 300,
      "FP": 92,
      "TN": 464,
      "FN": 71
    }
  },
  "deadlift": {
    "accuracy": 0.5691964285714286,
    "precision": 0.47776879547291834,
    "recall": 0.8242677824267782,
    "f1": 0.6049129989764586,
    "train_f1": 0.8805486284289277,
    "best_epoch": 9,
    "best_val_loss": 1.1828139908611774,
    "best_val_f1": 0.5776173285198556,
    "threshold_used_for_eval": 0.5,
    "val_best_thresh": 0.25000000000000006,
    "n_train": 6435,
    "n_val": 921,
    "n_test": 1792,
    "n_params": 797801,
    "input_dim": 99,
    "hidden_dim": 128,
    "num_layers": 2,
    "seq_len": 45,
    "use_landmarks": true,
    "use_conv": true,
    "swa_used": false,
    "amp_used": true,
    "compiled": false,
    "confusion_matrix": {
      "TP": 591,
      "FP": 646,
      "TN": 429,
      "FN": 126
    }
  },
  "overhead_press": {
    "accuracy": 0.8052910052910053,
    "precision": 0.7579787234042553,
    "recall": 0.753968253968254,
    "f1": 0.7559681697612732,
    "train_f1": 0.9664791901012374,
    "best_epoch": 72,
    "best_val_loss": 2.474317282438278,
    "best_val_f1": 0.6697080291970803,
    "threshold_used_for_eval": 0.5,
    "val_best_thresh": 0.40000000000000013,
    "n_train": 5090,
    "n_val": 977,
    "n_test": 1890,
    "n_params": 2225612,
    "input_dim": 330,
    "hidden_dim": 128,
    "num_layers": 2,
    "seq_len": 30,
    "use_landmarks": true,
    "use_conv": true,
    "swa_used": false,
    "amp_used": true,
    "compiled": false,
    "confusion_matrix": {
      "TP": 570,
      "FP": 182,
      "TN": 952,
      "FN": 186
    }
  },
  "pullup": {
    "accuracy": 0.7285636264336428,
    "precision": 0.7478580171358629,
    "recall": 0.6773835920177383,
    "f1": 0.7108784176847004,
    "train_f1": 0.8571428571428571,
    "best_epoch": 23,
    "best_val_loss": 0.43851894810795783,
    "best_val_f1": 0.7915690866510539,
    "threshold_used_for_eval": 0.5,
    "val_best_thresh": 0.5000000000000001,
    "n_train": 5075,
    "n_val": 547,
    "n_test": 1831,
    "n_params": 797801,
    "input_dim": 99,
    "hidden_dim": 128,
    "num_layers": 2,
    "seq_len": 30,
    "use_landmarks": true,
    "use_conv": true,
    "swa_used": false,
    "amp_used": true,
    "compiled": false,
    "confusion_matrix": {
      "TP": 611,
      "FP": 206,
      "TN": 723,
      "FN": 291
    }
  },
  "pushup": {
    "accuracy": 0.5794920037629351,
    "precision": 0.6351706036745407,
    "recall": 0.6519396551724138,
    "f1": 0.6434458920499867,
    "train_f1": 0.811344327836082,
    "best_epoch": 5,
    "best_val_loss": 0.43704993105851686,
    "best_val_f1": 0.797573083287369,
    "threshold_used_for_eval": 0.5,
    "val_best_thresh": 0.40000000000000013,
    "n_train": 6520,
    "n_val": 1575,
    "n_test": 3189,
    "n_params": 797801,
    "input_dim": 99,
    "hidden_dim": 128,
    "num_layers": 2,
    "seq_len": 30,
    "use_landmarks": true,
    "use_conv": true,
    "swa_used": false,
    "amp_used": true,
    "compiled": false,
    "confusion_matrix": {
      "TP": 1210,
      "FP": 695,
      "TN": 638,
      "FN": 646
    }
  },
  "plank": {
    "accuracy": 0.6928864569083447,
    "precision": 0.6382113821138211,
    "recall": 0.5367521367521367,
    "f1": 0.5831012070566388,
    "train_f1": 0.9816774193548388,
    "best_epoch": 36,
    "best_val_loss": 1.373965084552765,
    "best_val_f1": 0.694300518134715,
    "threshold_used_for_eval": 0.5,
    "val_best_thresh": 0.5500000000000002,
    "n_train": 3182,
    "n_val": 442,
    "n_test": 1462,
    "n_params": 2225612,
    "input_dim": 330,
    "hidden_dim": 128,
    "num_layers": 2,
    "seq_len": 30,
    "use_landmarks": true,
    "use_conv": true,
    "swa_used": false,
    "amp_used": true,
    "compiled": false,
    "confusion_matrix": {
      "TP": 314,
      "FP": 178,
      "TN": 699,
      "FN": 271
    }
  },
  "bicep_curl": {
    "accuracy": 0.44756277695716395,
    "precision": 0.5361990950226244,
    "recall": 0.583743842364532,
    "f1": 0.5589622641509434,
    "train_f1": 0.897822445561139,
    "best_epoch": 7,
    "best_val_loss": 1.2496537566184998,
    "best_val_f1": 0.3942307692307692,
    "threshold_used_for_eval": 0.5,
    "val_best_thresh": 0.1,
    "n_train": 3920,
    "n_val": 247,
    "n_test": 677,
    "n_params": 797801,
    "input_dim": 99,
    "hidden_dim": 128,
    "num_layers": 2,
    "seq_len": 30,
    "use_landmarks": true,
    "use_conv": true,
    "swa_used": false,
    "amp_used": true,
    "compiled": false,
    "confusion_matrix": {
      "TP": 237,
      "FP": 205,
      "TN": 66,
      "FN": 169
    }
  },
  "tricep_dip": {
    "accuracy": 0.5765009683666882,
    "precision": 0.4855144855144855,
    "recall": 0.7751196172248804,
    "f1": 0.597051597051597,
    "train_f1": 0.8229079788712816,
    "best_epoch": 1,
    "best_val_loss": 0.4711222308022635,
    "best_val_f1": 0.7655986509274874,
    "threshold_used_for_eval": 0.5,
    "val_best_thresh": 0.5000000000000001,
    "n_train": 2985,
    "n_val": 790,
    "n_test": 1549,
    "n_params": 2225612,
    "input_dim": 330,
    "hidden_dim": 128,
    "num_layers": 2,
    "seq_len": 30,
    "use_landmarks": true,
    "use_conv": true,
    "swa_used": false,
    "amp_used": true,
    "compiled": false,
    "confusion_matrix": {
      "TP": 486,
      "FP": 515,
      "TN": 407,
      "FN": 141
    }
  }
}