{
  "overall_f1": 0.6435049176139992,
  "overall_acc": 0.6226083429112298,
  "best_epoch": 4,
  "best_val_f1": 0.6556813586736757,
  "n_train": 45347,
  "n_val": 8589,
  "n_test": 14791
}