{
  "train_losses": [
    0.5485408773609236,
    0.4836645739919999,
    0.4273788923142003,
    0.4000569219682731,
    0.385346407399458,
    0.36849776494736763,
    0.3585440347007677,
    0.3406607163887398,
    0.3295738942482892,
    0.3226088352647482,
    0.30943212000762715,
    0.2955731398919049,
    0.28921155339362575,
    0.2796172818132475,
    0.2764313296944487,
    0.2688533447536768,
    0.2686706398632012,
    0.2528825367198271,
    0.24767534873064825,
    0.2440598948913462,
    0.2413669453532088,
    0.2319929143961738,
    0.2269961959591099,
    0.21904064744126564,
    0.21590428551038107,
    0.2111175080724791,
    0.20459339110290303,
    0.20079836921364652,
    0.19148325394181645,
    0.19426227492444656,
    0.18510080698658438,
    0.17622087296901964,
    0.1718457164425476,
    0.16400446202240737,
    0.16339417532378553,
    0.154299821777671,
    0.1542564275510171,
    0.1455105246574271,
    0.14832425015229805,
    0.14584483849067315,
    0.13554697805175595,
    0.12976474782415465,
    0.12491284398471608,
    0.12506160023165683,
    0.1267099491521424,
    0.11986048519611359,
    0.12228965196831554,
    0.11731912122637618,
    0.11099614597418729,
    0.11328225122655139,
    0.11891063229710448,
    0.11139597429656516,
    0.1120705803965821,
    0.11276989736977745,
    0.10175606235861778,
    0.17541929597363753,
    0.18724646010235244,
    0.18958618039009617,
    0.1846556865847578,
    0.17784594773661858
  ],
  "val_losses": [
    0.6156641095876694,
    0.852210633456707,
    1.0656738243997097,
    1.0155193014070392,
    1.2393354568630457,
    1.3091099262237549,
    1.292082166299224,
    1.1521122176200151,
    1.4553698152303696,
    1.1828139908611774,
    1.5613458752632141,
    1.4416333036497235,
    1.670062381774187,
    1.2922583119943738,
    1.4829992451705039,
    1.4465590547770262,
    1.5342202298343182,
    1.695665966719389,
    1.572522297501564,
    1.5364357754588127,
    1.8690455816686153,
    1.6633878210559487,
    1.5468552857637405,
    1.6649969425052404,
    1.920103007927537,
    1.5319001879543066,
    1.6281435284763575,
    1.7980879917740822,
    1.7087335381656885,
    1.9614881910383701,
    1.678888637572527,
    1.969745744485408,
    1.9817397585138679,
    1.8142428379505873,
    2.0829907413572073,
    1.9395128157921135,
    2.0324739944189787,
    1.9735699724406004,
    2.064236544072628,
    1.9984696712344885,
    2.030585194937885,
    2.2504274174571037,
    2.197392389178276,
    2.2120997440069914,
    2.1248778495937586,
    2.361298209056258,
    2.224729297682643,
    2.2046087495982647,
    2.331353457644582,
    2.262592412531376,
    2.3036596924066544,
    2.3305631494149566,
    2.3093465054407716,
    2.2859280556440353,
    2.289575083181262,
    1.9292010739445686,
    2.1529674641788006,
    1.5757304150611162,
    1.773721472825855,
    2.1202652687206864
  ],
  "val_f1s": [
    0.4709141274238227,
    0.4387855044074437,
    0.37872340425531914,
    0.3348314606741573,
    0.4549763033175355,
    0.32096069868995636,
    0.4530612244897959,
    0.5187319884726225,
    0.5288808664259927,
    0.5776173285198556,
    0.5355871886120996,
    0.5694076038903625,
    0.446139180171592,
    0.5549348230912476,
    0.42016806722689076,
    0.48472906403940885,
    0.5711805555555556,
    0.5327188940092166,
    0.558055805580558,
    0.554945054945055,
    0.5046728971962616,
    0.46834170854271356,
    0.5258126195028681,
    0.3673469387755102,
    0.4186991869918699,
    0.4764705882352941,
    0.5348189415041783,
    0.5283720930232558,
    0.551410373066424,
    0.56021409455843,
    0.563963963963964,
    0.4634858812074002,
    0.47141424272818455,
    0.5314553990610329,
    0.5109628217349858,
    0.5,
    0.521087160262418,
    0.5496323529411765,
    0.5230479774223895,
    0.49951783992285437,
    0.4724724724724725,
    0.5617566331198536,
    0.5461323392357875,
    0.5245283018867924,
    0.5110047846889952,
    0.5103969754253308,
    0.5024154589371981,
    0.51434034416826,
    0.5340802987861811,
    0.5190114068441065,
    0.5114503816793893,
    0.5188679245283019,
    0.51661918328585,
    0.5128205128205128,
    0.5198487712665406,
    0.568935427574171,
    0.5533807829181495,
    0.5212464589235127,
    0.4147368421052632,
    0.43157894736842106
  ],
  "best_epoch": 9
}