{
  "train_losses": [
    0.20607509961792206,
    0.09811548012019562,
    0.09076824096267634,
    0.09534495550624368,
    0.08999517302432143,
    0.08440139039951586,
    0.07992171268877667,
    0.07668007611551791,
    0.0835415190327886,
    0.06894211680694692,
    0.05393338676686651,
    0.06106393353473276,
    0.07269180023729631,
    0.06712114705357228,
    0.059195358929455814,
    0.054965608376489575,
    0.06284078592631867,
    0.04609951075966032,
    0.027491712638497368,
    0.032696910224911495,
    0.034203488724557876,
    0.04367790066964745,
    0.038189534700518835,
    0.027521607443851407,
    0.023220929574954606,
    0.04488008818900089,
    0.01968652104488214,
    0.026530431354310356,
    0.023864119635167547,
    0.02202199445453884,
    0.02678526175512477,
    0.01685607115937571,
    0.02403700588688467
  ],
  "val_losses": [
    0.27051439313661485,
    0.21407038771680423,
    0.13074305231058378,
    0.21928254970014907,
    0.21060466604900457,
    0.14688451023539528,
    0.21531814407734645,
    0.11859623343399209,
    0.14084838201793784,
    0.14010423112383236,
    0.17680333581007462,
    0.15865396924631828,
    0.1526771013144291,
    0.15245082025592724,
    0.13527136398373668,
    0.144406512323171,
    0.1993795909106233,
    0.18362026577510515,
    0.14972560193484877,
    0.15018135107577166,
    0.145414842835245,
    0.1445381253220509,
    0.19887395320197285,
    0.15761812137620765,
    0.1609952529714372,
    0.17197597546533322,
    0.17628220524793795,
    0.17764356073664225,
    0.18278272293028994,
    0.19529634923867795,
    0.23293736840999857,
    0.20616456589215837,
    0.24853206167075848
  ],
  "best_epoch": 7
}