{
  "train_losses": [
    0.05962797521447488,
    0.04412919799833335,
    0.04190919014026028,
    0.04080344173450803,
    0.03989423600624698,
    0.038381127604507195,
    0.038239108990560204,
    0.03694172727680484,
    0.03478435014713873,
    0.034431247098385825,
    0.033806288369404254,
    0.033054295977823035,
    0.032599920861769556,
    0.03359096287208241,
    0.03197075479281272,
    0.030510317707477613,
    0.03032504255313051,
    0.030152371016063894,
    0.03125916263305171,
    0.03024089670660653,
    0.030587961998327758,
    0.03030029411406018,
    0.02959848552682372,
    0.028597301702455495,
    0.028407610873439054,
    0.027938170755614142,
    0.028037848470862523,
    0.028854179795282757,
    0.0282215352581684,
    0.028414249824461085,
    0.027499773048673026,
    0.026771506828855176,
    0.0281409668959966,
    0.026725990899889043,
    0.026063323266399922,
    0.026733997321232807,
    0.026885066888937655,
    0.025925175979906737,
    0.025422286061757757,
    0.026586476482393206,
    0.02533598542357831,
    0.023633611825287573,
    0.023666571724668954,
    0.024976089300746605,
    0.02524258777528077,
    0.024519776550027753,
    0.023479478246019793,
    0.026522388609573823,
    0.02298511265120072,
    0.022910282701658187,
    0.02377661329860142,
    0.022638124088908352,
    0.02380042161445978,
    0.02313548422512389,
    0.02216918548828987,
    0.022596213396263214,
    0.023538486162099498,
    0.023309585140195002,
    0.022563128295361765
  ],
  "val_losses": [
    0.019907770964961786,
    0.021603357166242905,
    0.02679949262155554,
    0.04155836502710978,
    0.02926235259152376,
    0.016900646336113986,
    0.013940053603922328,
    0.03010326859135276,
    0.01689168049219566,
    0.026003058955001716,
    0.011538931293986164,
    0.018205070211432684,
    0.020892975313099436,
    0.0251848919209666,
    0.018153198418589547,
    0.01791406309348531,
    0.02174137097869952,
    0.017553788418389067,
    0.015339990150935661,
    0.01579440246001841,
    0.02137675303712081,
    0.012810611175108276,
    0.021073917274360355,
    0.01372204288520898,
    0.02017240495591138,
    0.021215641657666613,
    0.018228069210379498,
    0.019027851681666784,
    0.012120297215192411,
    0.018309988311300866,
    0.018182762298518076,
    0.013112382315552961,
    0.018047601874012543,
    0.016957826181822337,
    0.017912514040616747,
    0.01512068546491299,
    0.015330300695868807,
    0.027240588166116655,
    0.014960705611604052,
    0.013534817272627082,
    0.016890052760479588,
    0.015461654622459976,
    0.02202338275996086,
    0.017917534081509354,
    0.014538831299339505,
    0.01782016157458435,
    0.020414822157479834,
    0.015606006451446611,
    0.020194430158694442,
    0.01725308506268984,
    0.01388402595232317,
    0.02094388179797627,
    0.017569239370715924,
    0.015656452521467985,
    0.022058322903504655,
    0.01968966106207331,
    0.015528404721408151,
    0.016027392577458298,
    0.014488862615951056
  ],
  "val_f1s": [
    0.0,
    0.0,
    0.0,
    0.0,
    0.0,
    0.0,
    0.0,
    0.0,
    0.0,
    0.0,
    0.0,
    0.0,
    0.0,
    0.0,
    0.0,
    0.0,
    0.03076923076923077,
    0.03773584905660377,
    0.0,
    0.0,
    0.0,
    0.0,
    0.018518518518518517,
    0.0,
    0.0,
    0.014492753623188406,
    0.021505376344086023,
    0.022222222222222223,
    0.10810810810810811,
    0.0,
    0.0,
    0.0,
    0.0,
    0.0,
    0.057971014492753624,
    0.0,
    0.0,
    0.013333333333333334,
    0.0392156862745098,
    0.046511627906976744,
    0.043478260869565216,
    0.041666666666666664,
    0.015748031496062992,
    0.02702702702702703,
    0.047619047619047616,
    0.08695652173913043,
    0.0196078431372549,
    0.02631578947368421,
    0.038834951456310676,
    0.027777777777777776,
    0.029850746268656716,
    0.017543859649122806,
    0.024390243902439025,
    0.03773584905660377,
    0.024096385542168676,
    0.0,
    0.025974025974025976,
    0.0,
    0.037037037037037035
  ],
  "best_epoch": 28
}