{
  "train_losses": [
    0.40364707711208714,
    0.10839980055929208,
    0.15400628947342435,
    0.1261457681319997,
    0.10884778180714351,
    0.1497560263372184,
    0.10946089749178681,
    0.16675930695615893,
    0.11376776751970537,
    0.11610778365818569,
    0.05583561467906318,
    0.0822257971686255,
    0.0748179838957667,
    0.08618940147922118,
    0.0835691219307805,
    0.07842296141115795,
    0.08035794885336393,
    0.06857570971055668,
    0.0925544133621703,
    0.07802822739264388,
    0.05998558058969844,
    0.04372363144465369,
    0.06712155060467623,
    0.05340118941982658,
    0.06202189067061639,
    0.04538091447772433
  ],
  "val_losses": [
    0.2605167447030544,
    0.5459324604831636,
    0.6803838441288099,
    1.129566997117363,
    1.3197188900553738,
    0.9343901274056406,
    1.3261901052106986,
    1.4616801201293128,
    2.0068094590743932,
    1.9649746304604923,
    2.3611748169919156,
    2.591837763939675,
    2.720305516258395,
    2.539646596298444,
    2.6679945491914077,
    2.2450229916243005,
    2.5276648809195104,
    2.837197028994551,
    2.4248725805056437,
    3.3399658193557116,
    3.002063931504217,
    3.1943952245435594,
    3.112067507238016,
    3.0337350785338684,
    3.1244177046649475,
    3.0288420420721924
  ],
  "best_epoch": 0
}