{
  "train_losses": [
    0.5802737921476364,
    0.5289213716983795,
    0.36678646355867384,
    0.28399837911129,
    0.245888339728117,
    0.20926487296819687,
    0.16934974901378155,
    0.12914031278342009,
    0.1335183871909976,
    0.1183384258300066,
    0.09663439225405454,
    0.08459074338898062,
    0.08246713951230049,
    0.0830990431830287,
    0.0672287224791944,
    0.07053264230489731,
    0.06529770391061902,
    0.06854792311787605,
    0.057017273642122744,
    0.05301098157651722,
    0.04957826808094978,
    0.04863443309441209,
    0.03637919877655804,
    0.0448142453096807,
    0.032085834094323216,
    0.02630122099071741,
    0.02180248809745535,
    0.02600031909532845,
    0.027823615144006907,
    0.029061376221943647,
    0.013475244108121842,
    0.014828770054737105,
    0.015089126245584339,
    0.01228313923929818,
    0.01234090274083428,
    0.01029049933713395,
    0.0042048799165058885,
    0.0055182229756610465,
    0.009447207025368698,
    0.007380986760836095,
    0.006719143464579247,
    0.005165415111696348,
    0.007239106530323625,
    0.006274796204525046,
    0.00712690636573825,
    0.003968834332772531,
    0.001892363210208714,
    0.002391959210217465,
    0.0025275828229496256,
    0.0019502263035974464,
    0.0024363074495340697,
    0.0018296525653568097,
    0.0036958881399186795,
    0.0020067498291609807,
    0.003967269014538033,
    0.012241490407905075,
    0.0395110612269491,
    0.07233485262840986,
    0.06585293635725975,
    0.07662328779697418,
    0.040376698272302745,
    0.04492832752875984,
    0.035732785845175384,
    0.034657415375113486,
    0.04585264497436583,
    0.06636406620964408,
    0.0325974662322551,
    0.023991891695186496,
    0.03586208913475275,
    0.029868104262277484,
    0.03470972455106676,
    0.0326697213575244,
    0.014771448797546327,
    0.026232045626966283,
    0.016455693042371423,
    0.013169334165286272,
    0.026652264548465608,
    0.018624754098709673,
    0.01641888773301616,
    0.023697253735736012,
    0.022065631486475466,
    0.014793855737661944,
    0.019285571447107942,
    0.019631542079150677,
    0.019260698702419178,
    0.011884033039677888,
    0.00909956602845341,
    0.007365696737542749,
    0.014928804415103514,
    0.009437735271058045
  ],
  "val_losses": [
    0.6280188113451004,
    0.691644087433815,
    0.785584881901741,
    0.7303408533334732,
    0.9976094495505095,
    0.8579785525798798,
    0.9326704740524292,
    1.080673411488533,
    0.9404079616069794,
    0.9716609418392181,
    1.2347971126437187,
    1.1829391047358513,
    1.144860327243805,
    1.5405434295535088,
    1.3881729543209076,
    1.6548236310482025,
    1.4549284875392914,
    1.2068016678094864,
    1.5894555896520615,
    1.4902449995279312,
    1.754913866519928,
    1.1610559895634651,
    1.5171541720628738,
    1.3398041278123856,
    1.3871773034334183,
    2.1252211816608906,
    1.8274033516645432,
    1.4628687351942062,
    1.7376688495278358,
    1.3267385959625244,
    1.803749293088913,
    1.5127597078680992,
    1.6634920984506607,
    1.609214425086975,
    1.9582732915878296,
    1.6880008727312088,
    1.8233953788876534,
    1.870604321360588,
    1.621365413069725,
    1.4254153370857239,
    1.7415193393826485,
    2.047903209924698,
    1.7794169187545776,
    2.0960108786821365,
    1.9916698336601257,
    1.840264841914177,
    1.8897593915462494,
    1.9763676077127457,
    1.950220413506031,
    1.920287474989891,
    1.8987103253602982,
    1.9242487326264381,
    1.914435625076294,
    1.9121447056531906,
    1.90854661911726,
    2.93855981528759,
    1.513283297419548,
    1.2335757315158844,
    1.260683923959732,
    1.359040029346943,
    1.2350903898477554,
    1.273987278342247,
    1.086347058415413,
    1.096627801656723,
    1.0753763392567635,
    1.2576121985912323,
    1.7549635246396065,
    2.2343068048357964,
    1.3638445138931274,
    1.8355222940444946,
    1.7363490462303162,
    1.240657553076744,
    1.9191840663552284,
    1.7192602008581161,
    1.64984992146492,
    2.181765917688608,
    1.5802787989377975,
    1.3527816534042358,
    1.8101608902215958,
    2.0876928120851517,
    1.5373941659927368,
    1.2657413929700851,
    1.6840061321854591,
    1.7974418923258781,
    1.3927674144506454,
    1.543311819434166,
    1.7334034144878387,
    2.0663999915122986,
    1.7705867290496826,
    1.5989083647727966
  ],
  "val_f1s": [
    0.27106227106227104,
    0.3854166666666667,
    0.45222929936305734,
    0.6253101736972705,
    0.6541353383458647,
    0.7142857142857143,
    0.6406685236768802,
    0.6616161616161617,
    0.6597402597402597,
    0.7397959183673469,
    0.6797385620915033,
    0.719626168224299,
    0.6839378238341969,
    0.7010752688172043,
    0.6193181818181818,
    0.6982758620689655,
    0.7397260273972602,
    0.46557377049180326,
    0.7194244604316546,
    0.7388235294117647,
    0.6824146981627297,
    0.7609254498714653,
    0.7306791569086651,
    0.7239583333333334,
    0.7518072289156627,
    0.7139784946236559,
    0.7451923076923077,
    0.7544303797468355,
    0.7410926365795725,
    0.764102564102564,
    0.7142857142857143,
    0.7475728155339806,
    0.7352941176470589,
    0.7537688442211056,
    0.728538283062645,
    0.7570093457943925,
    0.7370892018779343,
    0.75,
    0.7658536585365854,
    0.7751937984496124,
    0.7368421052631579,
    0.7314814814814815,
    0.7556675062972292,
    0.7246376811594203,
    0.7358490566037735,
    0.75,
    0.7506053268765133,
    0.7388235294117647,
    0.7423167848699763,
    0.7529976019184652,
    0.7584541062801933,
    0.7529976019184652,
    0.7529976019184652,
    0.7566265060240964,
    0.7584541062801933,
    0.6709129511677282,
    0.7233009708737864,
    0.541033434650456,
    0.6295264623955432,
    0.7171492204899778,
    0.7244094488188977,
    0.744920993227991,
    0.7349081364829396,
    0.7571801566579635,
    0.7572815533980582,
    0.6561679790026247,
    0.7080459770114943,
    0.6877637130801688,
    0.664756446991404,
    0.5671641791044776,
    0.4041095890410959,
    0.75,
    0.7405764966740577,
    0.7358916478555305,
    0.7173396674584323,
    0.7025862068965517,
    0.7214854111405835,
    0.7395833333333334,
    0.719626168224299,
    0.7318181818181818,
    0.7198067632850241,
    0.7262247838616714,
    0.7327188940092166,
    0.724373576309795,
    0.7488584474885844,
    0.7244897959183674,
    0.7107843137254902,
    0.7182044887780549,
    0.7353629976580797,
    0.7388235294117647
  ],
  "best_epoch": 39
}