{
  "accuracy": 0.965034965034965,
  "precision": 0.935338768625246,
  "recall": 0.9750879249706916,
  "f1": 0.9547998278088679,
  "test_samples": 9009,
  "correct_in_test": 3412,
  "incorrect_in_test": 5597,
  "model_type": "RandomForestClassifier",
  "auc": 0.9906551376438684
}