{
  "train_losses": [
    0.07780822656829567,
    0.01858737349496497,
    0.010923013214350623,
    0.009415068969246931,
    0.008561005874927266,
    0.008835272085621803,
    0.010180119352298789,
    0.007901424331494662,
    0.006802744894230273,
    0.005267109394908938,
    0.006728954891193151,
    0.0056708147295627415,
    0.00434838502898107,
    0.005216226741835913,
    0.006715271800845478,
    0.00381183839550324,
    0.004221945924227304,
    0.004347275648957721,
    0.003712968752552115,
    0.003639177937122226,
    0.005189447595993817,
    0.0036263959454492364,
    0.0030815683053333487,
    0.0046637880214428365,
    0.004643435092047558,
    0.004709515179617002,
    0.0035403056180631906,
    0.004478751566506724,
    0.0026000183478947078,
    0.0039053944120656953,
    0.002925056315742789,
    0.0036455212630244205
  ],
  "val_losses": [
    0.056841125090916954,
    0.04125674349294665,
    0.053584930142581776,
    0.06504533277256996,
    0.09032426684946888,
    0.04824207988470638,
    0.07032316222345496,
    0.10059666688205955,
    0.09294991883234616,
    0.09849380682802196,
    0.05954494308631789,
    0.09324996496009892,
    0.09007589752551819,
    0.07425799472518217,
    0.06905477689967181,
    0.09221969123458014,
    0.10473478054473162,
    0.12444876057619088,
    0.10392210675460471,
    0.11538385897953655,
    0.04633672896792026,
    0.10809666117150603,
    0.07819111037103237,
    0.0809983557119267,
    0.06769112024630886,
    0.08751527208551124,
    0.08688537416855979,
    0.055018038505901735,
    0.13727104343274732,
    0.09095496990812535,
    0.10925297489029617,
    0.08546248221379453
  ],
  "val_f1s": [
    0.0,
    0.0,
    0.0,
    0.0,
    0.0,
    0.0,
    0.0,
    0.0,
    0.0,
    0.0,
    0.0,
    0.0,
    0.0,
    0.0,
    0.0,
    0.0,
    0.0,
    0.0,
    0.0,
    0.0,
    0.0,
    0.0,
    0.0,
    0.0,
    0.0,
    0.0,
    0.0,
    0.0,
    0.0,
    0.0,
    0.0,
    0.0
  ],
  "best_epoch": 1
}