{
  "train_losses": [
    0.22460587933143178,
    0.08960274271298163,
    0.06121645495064999,
    0.05650612211810416,
    0.04691109432790447,
    0.04938051986996785,
    0.05365905919778483,
    0.045600895889479166,
    0.05486206987689452,
    0.037263850935277794,
    0.04093395772403287,
    0.04907200849645798,
    0.0209276295289094,
    0.020687631309124075,
    0.022982876946170478,
    0.02985173279689256,
    0.028493391744110107,
    0.021486515098232385,
    0.023650491433313214,
    0.03190250736797409,
    0.011708609750370453,
    0.020791239092379458,
    0.012626785407504296,
    0.01946738130766672,
    0.017646958338027537,
    0.010964390351163464,
    0.012274678666057486,
    0.014869709030461867
  ],
  "val_losses": [
    0.2664483316242695,
    0.25617698952555656,
    0.1965119997311073,
    0.24313445490164062,
    0.2526885621928765,
    0.32001210306243594,
    0.2948255583879169,
    0.2652385521083488,
    0.2743388386739146,
    0.4119441743512046,
    0.38369322832731995,
    0.3330817003705306,
    0.44602851627429724,
    0.3954453805731949,
    0.5450148077339084,
    0.4667993195881384,
    0.5411554961152433,
    0.5123843058713646,
    0.5536626248437945,
    0.6209609293181226,
    0.5887019783459285,
    0.6523328066365138,
    0.6128984224399574,
    0.6847139747834793,
    0.5943829426718291,
    0.579716249424564,
    0.5957281756939135,
    0.5645329577991485
  ],
  "best_epoch": 2
}