{
  "train_losses": [
    0.06513216062203835,
    0.03122071067704574,
    0.02788567871443535,
    0.025949610495253614,
    0.024232036084868014,
    0.02162826697244064,
    0.019730781204998493,
    0.01843964598925882,
    0.017705117104158393,
    0.018127324771883554,
    0.016353833268543606,
    0.018552431294473967,
    0.016241159492270334,
    0.014986313626746108,
    0.01928643846430963,
    0.015204955884990724,
    0.013385686498000532,
    0.012654095667561418,
    0.011220670431947312,
    0.011240194591473004,
    0.008981244349821569,
    0.009464629558926007,
    0.008461798677576314,
    0.011839795537525788,
    0.013290432277196822,
    0.009583250171425263,
    0.009198438292514766,
    0.008018638975811069,
    0.008858135741320439,
    0.007252649492568851,
    0.0070824750191126155,
    0.009024606011256478,
    0.00913325555493908,
    0.0085324942027862,
    0.008052970804208982,
    0.0064180935537718285,
    0.008526676613990659,
    0.009421553643685337,
    0.011210661026109991,
    0.016428774126420888,
    0.006590536990667093,
    0.005984231991150361,
    0.005598180836961164,
    0.006522163798524018,
    0.005638659912189101,
    0.005584911073320224,
    0.011633371321773953,
    0.006555905261082348,
    0.006685390461107569,
    0.004412025175904426,
    0.004733889373949894,
    0.005942382716679468,
    0.005033447398952711,
    0.004871054596917115,
    0.005319896680272282,
    0.0056886126859401545,
    0.004057970134071135,
    0.004006086539639479,
    0.004062756769742823,
    0.0033636828558500334,
    0.004223956908198919,
    0.004127513448972758,
    0.004865941794330291,
    0.0041821433940066,
    0.0029275408476104004,
    0.004443579136357967,
    0.005473323324718206,
    0.0041518592584715835,
    0.0062623392092829916,
    0.011625316080186932,
    0.0034809382046468705
  ],
  "val_losses": [
    0.028975629657506944,
    0.018167633647099137,
    0.023450285419821738,
    0.020256481291726233,
    0.025027293182210995,
    0.017867789471056314,
    0.016003877235343678,
    0.014698468735441566,
    0.023007876347983257,
    0.01413037089863792,
    0.01748129101470113,
    0.014842144972644746,
    0.017688868269324302,
    0.015239274372288492,
    0.04514295808970928,
    0.01819092370569706,
    0.01588148418813944,
    0.019133804187877104,
    0.01786544197704643,
    0.03908581112977117,
    0.01735086516244337,
    0.028898098072968424,
    0.02474909822718473,
    0.01790921328123659,
    0.0207201684237225,
    0.03238102598115802,
    0.017261903248727322,
    0.02181222950690426,
    0.02687043254278251,
    0.0226388043561019,
    0.022708889534987974,
    0.021310206269845366,
    0.024220910258591175,
    0.023176924182916992,
    0.06737273307939176,
    0.021746554433484562,
    0.023593770419829525,
    0.13827516087054392,
    0.02144285647693323,
    0.03133203511388274,
    0.02181377614106168,
    0.02620138908532681,
    0.026508094239979983,
    0.03645454304642044,
    0.03548210756853223,
    0.025736365310440306,
    0.028597587606636807,
    0.02238489561539609,
    0.038700735242455264,
    0.027543187344854232,
    0.027821264774538577,
    0.025965770996408538,
    0.025396899313200265,
    0.024424413432134317,
    0.029145248139684554,
    0.021057421452715063,
    0.027271580575034024,
    0.027662025990430265,
    0.036628771876567046,
    0.03063282756593253,
    0.03449625198496506,
    0.028516238385927862,
    0.03320774200838059,
    0.02454175960738212,
    0.024131742186145857,
    0.0954422383439669,
    0.025765324847307057,
    0.03469450007061823,
    0.025016381028108298,
    0.027205972401425242,
    0.025229645853105467
  ],
  "val_f1s": [
    0.0,
    0.0,
    0.0,
    0.0,
    0.17391304347826086,
    0.0,
    0.4444444444444444,
    0.38461538461538464,
    0.3870967741935484,
    0.38461538461538464,
    0.3181818181818182,
    0.42424242424242425,
    0.2857142857142857,
    0.3870967741935484,
    0.12658227848101267,
    0.14285714285714285,
    0.47058823529411764,
    0.38461538461538464,
    0.3333333333333333,
    0.16,
    0.3888888888888889,
    0.23728813559322035,
    0.35714285714285715,
    0.4117647058823529,
    0.45714285714285713,
    0.2,
    0.45714285714285713,
    0.3333333333333333,
    0.38461538461538464,
    0.37209302325581395,
    0.375,
    0.4090909090909091,
    0.3783783783783784,
    0.32,
    0.08527131782945736,
    0.45714285714285713,
    0.35555555555555557,
    0.059602649006622516,
    0.4375,
    0.3225806451612903,
    0.5142857142857142,
    0.3888888888888889,
    0.4375,
    0.1875,
    0.18556701030927836,
    0.34285714285714286,
    0.32142857142857145,
    0.4117647058823529,
    0.1794871794871795,
    0.43902439024390244,
    0.2692307692307692,
    0.2641509433962264,
    0.3111111111111111,
    0.34782608695652173,
    0.4666666666666667,
    0.45161290322580644,
    0.42424242424242425,
    0.3181818181818182,
    0.2903225806451613,
    0.5,
    0.25806451612903225,
    0.2857142857142857,
    0.2962962962962963,
    0.4090909090909091,
    0.48484848484848486,
    0.07092198581560284,
    0.2916666666666667,
    0.24242424242424243,
    0.4090909090909091,
    0.45161290322580644,
    0.3111111111111111
  ],
  "best_epoch": 40
}