{
  "train_losses": [
    0.5339984488487244,
    0.4540096962451935,
    0.33674526393413545,
    0.29848637044429777,
    0.2642229199409485,
    0.250029411315918,
    0.2127074432373047,
    0.20719754755496977,
    0.1832473659515381,
    0.1941445952653885,
    0.17788361370563507,
    0.1612433250248432,
    0.14569187343120574,
    0.1339973321557045,
    0.1384507566690445,
    0.12678886592388153,
    0.11049676150083541,
    0.10218603879213334,
    0.11436660856008529,
    0.09606438785791398,
    0.10044579833745956,
    0.0928073288500309,
    0.08800332993268967,
    0.09226195573806763,
    0.08843888968229294,
    0.07946518808603287,
    0.0821846590936184,
    0.07629644185304642,
    0.07862224847078324,
    0.06917462572455406,
    0.07029143616557121,
    0.06300955042243003,
    0.06785078436136245,
    0.0675762428343296,
    0.05951985165476799,
    0.06100766941905022,
    0.05783066250383854,
    0.059916383028030394,
    0.05708111450076103,
    0.05667800068855286,
    0.05382894560694695,
    0.050587446242570874,
    0.051565338391810656,
    0.05198971949517727,
    0.04962033901363611,
    0.04507909767329693,
    0.04618723765015602,
    0.047122527211904526,
    0.04761407896876335,
    0.04848888382315636,
    0.04688045639544725,
    0.046016034930944444,
    0.046520990505814555,
    0.0474700129032135,
    0.04974507309496403,
    0.077309829890728,
    0.09757661119103432,
    0.11111035734415055,
    0.10594641655683518,
    0.11253887861967087,
    0.10800154715776443,
    0.09182346373796463,
    0.08750104323029519,
    0.07971116065979005,
    0.08065911263227463,
    0.0843139088153839,
    0.09195174872875214,
    0.09200629994273185,
    0.07956692233681678,
    0.1062277738749981,
    0.07239845514297485,
    0.07012546524405479,
    0.0673642635345459,
    0.0752649350464344,
    0.07350113615393639,
    0.059364628940820695,
    0.0731591971218586,
    0.08056509047746659,
    0.07407162971794605,
    0.0648438049852848,
    0.0773757302761078,
    0.06371943473815918,
    0.06636097475886345,
    0.0590800878405571,
    0.07072842434048653,
    0.06808653175830841,
    0.06329924523830414
  ],
  "val_losses": [
    0.5894855260848999,
    0.5994235202670097,
    0.7397995442152023,
    0.6995684877038002,
    1.1670297384262085,
    0.9642608761787415,
    1.0111765414476395,
    0.9415988624095917,
    0.6769610680639744,
    0.9598804116249084,
    1.1700709909200668,
    1.2125394344329834,
    1.0713081061840057,
    1.3286772072315216,
    1.137517899274826,
    1.3825814723968506,
    1.1746190637350082,
    1.5867381393909454,
    1.2311225831508636,
    1.1533987522125244,
    0.9206802248954773,
    1.3613470643758774,
    1.055679127573967,
    1.1647067666053772,
    1.2129353284835815,
    1.659362643957138,
    1.132977083325386,
    1.3322036117315292,
    1.4457839131355286,
    1.4153056889772415,
    1.8846600353717804,
    1.629604458808899,
    1.4602314084768295,
    1.4586601853370667,
    1.3528947085142136,
    1.7466679513454437,
    1.373965084552765,
    1.4627873748540878,
    1.469331532716751,
    1.6140432357788086,
    1.8204993605613708,
    1.7509108185768127,
    1.6630787253379822,
    1.6150728464126587,
    1.7402066886425018,
    1.7599406242370605,
    1.769728273153305,
    1.8173149824142456,
    1.8570330142974854,
    1.9006796777248383,
    1.9241405427455902,
    1.881884515285492,
    1.9239879250526428,
    1.8614348471164703,
    1.8689593076705933,
    1.3489793688058853,
    1.536096230149269,
    1.5372990667819977,
    1.2030019611120224,
    1.3876382410526276,
    0.9848120808601379,
    1.0901705473661423,
    1.1134831234812737,
    1.2454832941293716,
    1.6084642708301544,
    1.3753340691328049,
    1.1213739514350891,
    1.1350120455026627,
    1.0620607137680054,
    0.964058130979538,
    1.62832710146904,
    1.3707503378391266,
    1.5041173100471497,
    1.082182601094246,
    1.1107230931520462,
    1.768262892961502,
    1.4941600263118744,
    1.3798675835132599,
    1.2554959803819656,
    1.2665704116225243,
    1.2398673593997955,
    1.4245657324790955,
    1.1587007492780685,
    1.470417857170105,
    1.2882176488637924,
    1.2744390666484833,
    1.3039198368787766
  ],
  "val_f1s": [
    0.35,
    0.42902208201892744,
    0.4708994708994709,
    0.6169154228855721,
    0.5288640595903166,
    0.5530973451327433,
    0.589010989010989,
    0.5783132530120482,
    0.6,
    0.625,
    0.6187363834422658,
    0.5528846153846154,
    0.6411483253588517,
    0.5991379310344828,
    0.6255924170616114,
    0.6173913043478261,
    0.6192893401015228,
    0.6111111111111112,
    0.6113744075829384,
    0.6568627450980392,
    0.6701298701298701,
    0.6086956521739131,
    0.6889460154241646,
    0.6015424164524421,
    0.6732673267326733,
    0.6173913043478261,
    0.6631853785900783,
    0.6410256410256411,
    0.6487804878048781,
    0.6422976501305483,
    0.6258205689277899,
    0.6323529411764706,
    0.6537530266343826,
    0.6235011990407674,
    0.6395939086294417,
    0.6426858513189448,
    0.694300518134715,
    0.6782178217821783,
    0.6513994910941476,
    0.6430379746835443,
    0.6407766990291263,
    0.6650246305418719,
    0.6616915422885572,
    0.6547314578005116,
    0.6567901234567901,
    0.6553398058252428,
    0.6585365853658537,
    0.6634146341463415,
    0.6601466992665037,
    0.6522781774580336,
    0.6492890995260664,
    0.6537530266343826,
    0.6539379474940334,
    0.6601941747572816,
    0.6601941747572816,
    0.6614173228346457,
    0.6157407407407407,
    0.569620253164557,
    0.6598984771573604,
    0.6112359550561798,
    0.6091644204851752,
    0.6861702127659575,
    0.6408839779005525,
    0.5925925925925926,
    0.6264501160092807,
    0.5824175824175825,
    0.6149732620320856,
    0.5851063829787234,
    0.6498740554156172,
    0.6416040100250626,
    0.6135831381733021,
    0.6439024390243903,
    0.6346153846153846,
    0.6368715083798883,
    0.6683544303797468,
    0.5953488372093023,
    0.6420323325635104,
    0.6270783847980997,
    0.628428927680798,
    0.6114285714285714,
    0.6363636363636364,
    0.6457831325301204,
    0.6633906633906634,
    0.649746192893401,
    0.6194225721784777,
    0.6666666666666666,
    0.6602409638554216
  ],
  "best_epoch": 36
}