{
  "train_losses": [
    0.08033497043346104,
    0.03261318038168706,
    0.016063135926072534,
    0.01307707157837668,
    0.01309577058878188,
    0.010025766151221959,
    0.013008279051925791,
    0.012514036882509428,
    0.010247319970451491,
    0.009286467996916096,
    0.009715041004758524,
    0.009158027352226017,
    0.008696047436004798,
    0.007419002422944973,
    0.008522123695767828,
    0.009859187562190192,
    0.008363560376701093,
    0.008923012876613555,
    0.008541781026379843,
    0.007176157074833387,
    0.007623673631123414,
    0.008185648488027877,
    0.0060069528804696775,
    0.006088717222729956,
    0.007594839132109068,
    0.006985489004843035,
    0.007063877324598204,
    0.0058535088748229965,
    0.007814129165030624,
    0.007093484380196682,
    0.006546948836904975,
    0.007725866378965101,
    0.005576491897763366,
    0.006025909675755477,
    0.0050289151178348175,
    0.007484392820563363,
    0.0057629998987785685,
    0.005376854953570536,
    0.0061052329470648575,
    0.005243129319033439,
    0.005004205690056551,
    0.010985192462134077,
    0.005418214513491349,
    0.0056235999352219025,
    0.006614448959130402,
    0.006078697794643966,
    0.005488445024974154,
    0.005197784210299448,
    0.004874263159428282,
    0.005282633202257689,
    0.006652589836831842
  ],
  "val_losses": [
    0.0735478936271234,
    0.06783813591623171,
    0.08381923101842403,
    0.08533742439679125,
    0.0905408495402133,
    0.10097904148675628,
    0.1038465511731126,
    0.09742213201455095,
    0.11625679048963568,
    0.13234989213974171,
    0.1209012803367593,
    0.129829649601809,
    0.1378377667543563,
    0.1447619745634835,
    0.1025685067711906,
    0.15781793792054735,
    0.1289855052971027,
    0.1404611918736588,
    0.13975873839279468,
    0.13448026939295232,
    0.08329064269888807,
    0.14772201979808,
    0.16563694553836036,
    0.13939450645226648,
    0.14368953140960497,
    0.14814553925217214,
    0.12091190727766264,
    0.15096909080206056,
    0.1183904609748755,
    0.1372124500002511,
    0.12216876677914777,
    0.11864061670547182,
    0.16306581178849394,
    0.15271678665554977,
    0.19293417324198261,
    0.12353766533355652,
    0.1422325030269514,
    0.155216937916438,
    0.13637272962792354,
    0.14662948933916845,
    0.1725820449732551,
    0.10052712569648231,
    0.15645341426980766,
    0.14325646463442931,
    0.14789012167602777,
    0.15056539606302977,
    0.167303947604854,
    0.16406286410479384,
    0.12685914708047427,
    0.15981955088368108,
    0.1427526803031056
  ],
  "val_f1s": [
    0.0,
    0.07692307692307693,
    0.13008130081300814,
    0.11042944785276074,
    0.13414634146341464,
    0.20118343195266272,
    0.11842105263157894,
    0.12422360248447205,
    0.13131313131313133,
    0.1342281879194631,
    0.10526315789473684,
    0.10457516339869281,
    0.12440191387559808,
    0.1368421052631579,
    0.17801047120418848,
    0.1188118811881188,
    0.13,
    0.13861386138613863,
    0.16666666666666666,
    0.1348314606741573,
    0.26666666666666666,
    0.1476510067114094,
    0.13095238095238096,
    0.1507537688442211,
    0.11235955056179775,
    0.13793103448275862,
    0.16568047337278108,
    0.1728395061728395,
    0.14814814814814814,
    0.07547169811320754,
    0.15028901734104047,
    0.11764705882352941,
    0.12972972972972974,
    0.14689265536723164,
    0.18285714285714286,
    0.13793103448275862,
    0.1564245810055866,
    0.14432989690721648,
    0.12658227848101267,
    0.14942528735632185,
    0.15706806282722513,
    0.16352201257861634,
    0.1702127659574468,
    0.14193548387096774,
    0.14285714285714285,
    0.16666666666666666,
    0.14432989690721648,
    0.13829787234042554,
    0.16176470588235295,
    0.14857142857142858,
    0.13414634146341464
  ],
  "best_epoch": 20
}