{
  "train_losses": [
    0.35935986272365084,
    0.06890881708503224,
    0.05715734706054093,
    0.0504077659743902,
    0.04702334463034707,
    0.06018060522477448,
    0.05140058006175957,
    0.0539171144007243,
    0.06205366856022205,
    0.06649068415339127,
    0.034160533510477334,
    0.0258659518893474,
    0.028692669271605218,
    0.030084850474301626,
    0.02820481390328829,
    0.021945127577721747,
    0.026862102431286915,
    0.05719637385132289,
    0.023723118263007967,
    0.02089656659940485,
    0.016546323628521185,
    0.019270027190080724,
    0.029022313133330896,
    0.02485550458790496,
    0.024158858165601694,
    0.033551205870498126
  ],
  "val_losses": [
    0.5481244325637817,
    1.4241123381070793,
    2.624245074652468,
    3.4365070495904155,
    4.862729510074132,
    5.528241563808739,
    5.488540077749349,
    5.916729836007497,
    6.5181770780868,
    6.488932036588916,
    7.308556662203046,
    7.296322374840591,
    7.255371433618815,
    9.184583538079096,
    7.90608762327273,
    9.194131639077439,
    9.00583618319823,
    7.770939145315684,
    7.684491530531626,
    8.29774647893581,
    9.321124893705798,
    9.548895891889256,
    9.375938094497153,
    8.620936041886255,
    9.574236869417811,
    9.630747498626208
  ],
  "best_epoch": 0
}