{
  "train_losses": [
    0.5530348122119904,
    0.5327936962246895,
    0.4757776170969009,
    0.43864341378211974,
    0.3888931177556515,
    0.3890036970376968,
    0.3603953555226326,
    0.3522447906434536,
    0.3301677338778973,
    0.32485797367990016,
    0.3267770025879145,
    0.2928888011723757,
    0.2965862795710564,
    0.2847286980599165,
    0.28959626629948615,
    0.2799455463886261,
    0.27823368906974794,
    0.2685355436056852,
    0.26715541407465937,
    0.24504965133965015,
    0.24398837462067605,
    0.22639659456908703,
    0.23398062363266944,
    0.22436217665672303,
    0.2236399158835411,
    0.2122889667749405,
    0.21076699905097485,
    0.19421875514090062,
    0.19637753833085297,
    0.19287466071546078,
    0.1794327450916171,
    0.1767085051164031,
    0.16697093863040208,
    0.17533989306539297,
    0.16197963785380126,
    0.15998080875724555,
    0.1457813626155257,
    0.1443843249231577,
    0.13534902865067125,
    0.1404089020565152,
    0.1296869578771293,
    0.13592550288885832,
    0.13215358033776284,
    0.128773557767272,
    0.12034595161676406,
    0.12129701534286141,
    0.11167280822992325,
    0.1133824460208416,
    0.10731043294072151,
    0.1053226113319397,
    0.10185558889061212,
    0.09983320916071534,
    0.10678851362317801,
    0.10091760838404298,
    0.10067958999425172,
    0.18788588140159845,
    0.18441574573516845,
    0.19505293499678372,
    0.18359977565705776,
    0.18043418638408185,
    0.18006005715578793,
    0.17171561624854803,
    0.17511986885219813,
    0.1769894625991583,
    0.17151935398578644,
    0.18084632158279418,
    0.16577546540647745,
    0.16504769753664733,
    0.15584597494453192,
    0.15791597105562688,
    0.15505528934299945,
    0.1522855868563056,
    0.14570224303752183,
    0.1504042179323733
  ],
  "val_losses": [
    0.6294426441192627,
    0.6222657084465026,
    0.6692207038402558,
    0.5668756365776062,
    1.0416780024766923,
    0.48765203952789304,
    0.43988195061683655,
    0.8103714138269424,
    0.7636176437139511,
    1.535106222331524,
    0.7491950809955596,
    1.0227928817272187,
    0.4564144402742386,
    0.5405230462551117,
    0.6008326470851898,
    1.1297830104827882,
    0.6947867095470428,
    0.38968593776226046,
    0.450041726231575,
    0.5217542350292206,
    0.8511510044336319,
    0.6064063400030136,
    0.49140227735042574,
    0.43851894810795783,
    0.8401168704032898,
    0.6560049474239349,
    0.4480865314602852,
    0.4339600145816803,
    0.5698426783084869,
    0.5608437120914459,
    0.5503518104553222,
    0.7304286956787109,
    0.6422036677598953,
    0.7300216674804687,
    0.6959496140480042,
    0.6777625679969788,
    0.7606819570064545,
    0.5835720628499985,
    0.9014706075191498,
    0.8847609460353851,
    0.813715785741806,
    0.691964715719223,
    0.6464636206626893,
    0.7410508394241333,
    0.7193605899810791,
    0.7667975962162018,
    0.8664295077323914,
    0.8334789514541626,
    0.8308851063251496,
    0.8043362259864807,
    0.8531225502490998,
    0.877208024263382,
    0.848884254693985,
    0.8322888314723969,
    0.8274116039276123,
    0.47349256575107573,
    0.6605800449848175,
    0.7901994049549103,
    0.5734855830669403,
    0.7369802832603455,
    0.523965074121952,
    1.0141047596931458,
    0.8047298431396485,
    1.0310962677001954,
    0.8280433118343353,
    0.8985567927360535,
    0.7511945724487304,
    1.3806429088115693,
    0.8098600149154663,
    0.6250780522823334,
    0.8342701852321625,
    0.8234682202339172,
    1.1286212623119354,
    0.6152559995651246
  ],
  "val_f1s": [
    0.5363128491620112,
    0.3020833333333333,
    0.4361948955916473,
    0.6639511201629328,
    0.6108527131782946,
    0.44047619047619047,
    0.6486486486486487,
    0.6587436332767402,
    0.6752293577981652,
    0.6132930513595166,
    0.6801470588235294,
    0.6714031971580817,
    0.7111111111111111,
    0.7157894736842105,
    0.7469879518072289,
    0.625,
    0.6816479400749064,
    0.7681159420289855,
    0.7602591792656588,
    0.7675438596491229,
    0.6823956442831216,
    0.7549668874172185,
    0.7568807339449541,
    0.7915690866510539,
    0.6793893129770993,
    0.759493670886076,
    0.7710280373831776,
    0.772093023255814,
    0.7505422993492408,
    0.7623126338329764,
    0.7505422993492408,
    0.7442827442827443,
    0.7682926829268293,
    0.7206477732793523,
    0.7468354430379747,
    0.7456896551724138,
    0.7381443298969073,
    0.7699115044247787,
    0.7131474103585658,
    0.7191919191919192,
    0.7525987525987526,
    0.7483870967741936,
    0.7614879649890591,
    0.74235807860262,
    0.75,
    0.7413793103448276,
    0.731006160164271,
    0.750524109014675,
    0.7446808510638298,
    0.7462039045553145,
    0.7446808510638298,
    0.7436974789915967,
    0.7473460721868365,
    0.75,
    0.7526881720430108,
    0.748792270531401,
    0.7370689655172413,
    0.7073170731707317,
    0.775599128540305,
    0.7242105263157895,
    0.7465437788018433,
    0.7364341085271318,
    0.7001934235976789,
    0.6792452830188679,
    0.748898678414097,
    0.6968503937007874,
    0.716297786720322,
    0.6377816291161178,
    0.7530864197530864,
    0.7444933920704846,
    0.7232323232323232,
    0.7621052631578947,
    0.6567717996289425,
    0.7729257641921398
  ],
  "best_epoch": 23
}