{
  "train_losses": [
    0.06180062412137264,
    0.015238560855658235,
    0.014146596554813809,
    0.012346186345798503,
    0.011121054814889487,
    0.009062629978105082,
    0.008841648648070221,
    0.007071662905601491,
    0.007574997388904816,
    0.006942094681251451,
    0.006198185470757859,
    0.005137647744911527,
    0.004706718262528547,
    0.00529103677820929,
    0.006229329883353785,
    0.005037879874036757,
    0.004902574667970552,
    0.004362563059993063,
    0.004849910908026351,
    0.00353561225241911,
    0.003674049797681571,
    0.004268863062048024,
    0.0036686808537189407,
    0.0033578194794053593,
    0.0036451999137505865,
    0.0026970029247374776,
    0.0037503118378241964,
    0.001884666032214897,
    0.0016080037078274089,
    0.0031241333457441406,
    0.00299989216957903,
    0.0032934064348458044,
    0.003896156303916972,
    0.002448947084854138,
    0.0029749142356051473,
    0.00265880861135022,
    0.001532140179590083,
    0.002892026533189844,
    0.002519243603896221,
    0.0031126441597160394,
    0.0023502065583479157,
    0.0016573605583433068,
    0.002222165441325112,
    0.0024998334560414628,
    0.0024365462971840507,
    0.0010062350667651213,
    0.003834386023634962,
    0.002446598698378167,
    0.0020848767297042955,
    0.001498857344574246,
    0.0012878204690758522,
    0.0006404936976698656,
    0.00395936478736602,
    0.0022666692490307277,
    0.001730673219347074,
    0.00172257793450339,
    0.002228291321731185,
    0.0022059210180151766,
    0.00034676664991868737,
    0.0002749166709882526,
    0.00023286021766915312,
    0.0019241476233171277,
    0.0007430044366916072,
    0.002715236991829634,
    0.0011057008379171556,
    0.0006570609236261685,
    0.002415456505906676,
    0.0027380396439088813,
    0.0017353995678460802,
    0.0020506412845765895,
    0.001166468270017312,
    0.0007882747145949428,
    0.0013486161655428556,
    0.0014355953357344812,
    0.0015969550781128898,
    0.0005852639751537936,
    0.0009584104079151171,
    0.00076556435961768,
    0.0007355343115322237,
    0.0017978269143943755,
    0.0013158049269374093,
    0.000282544061711202,
    0.001398765238551086,
    0.0010635543904323928,
    0.0010132983341368106
  ],
  "val_losses": [
    0.04008348582264704,
    0.05026583558617112,
    0.045970069602704965,
    0.05554394040313454,
    0.04427972149688941,
    0.06496094628043163,
    0.054684138437994245,
    0.09001793185892054,
    0.08475745613241788,
    0.07184412043100635,
    0.09300367475134408,
    0.062059207165358926,
    0.09009367076391638,
    0.05308997443078111,
    0.038664446382123664,
    0.06027283571007175,
    0.06319423734179835,
    0.05626166349704876,
    0.05629094575667692,
    0.03500329556000755,
    0.06441374955876455,
    0.086819975286161,
    0.05797625402849987,
    0.0777492917993116,
    0.06163973118092168,
    0.09388737162715607,
    0.06425802499469659,
    0.11005611129509746,
    0.12217414269849915,
    0.08285388264900972,
    0.0527463531077676,
    0.05873327971442986,
    0.03598321791212537,
    0.09908593094521095,
    0.06991758100253392,
    0.054295943921412494,
    0.07459331311900268,
    0.08189047574183533,
    0.08199309761846216,
    0.055523759733053644,
    0.06288461132935015,
    0.06586515750514547,
    0.0685142630498446,
    0.06302034125418196,
    0.056115463861668755,
    0.04302288129100326,
    0.03343766238704587,
    0.06913556154229529,
    0.06904748085052677,
    0.06240740166055776,
    0.07282335857817437,
    0.07498624562443486,
    0.07267329507512607,
    0.07607571109898952,
    0.05635938209710007,
    0.06280336991548187,
    0.0746822856165706,
    0.0541690817776842,
    0.07077785476903606,
    0.0803368784468498,
    0.085282043404137,
    0.04472507264812847,
    0.059486396127422035,
    0.04814553065919496,
    0.055705177543738195,
    0.06022414533504744,
    0.051774040596053686,
    0.060507607390217086,
    0.05927790946148329,
    0.0883387518400783,
    0.07855538486038337,
    0.09500478163809079,
    0.06728909361501605,
    0.06927796412540561,
    0.09361050509076636,
    0.10574151812295732,
    0.07195129665146502,
    0.09467695022483615,
    0.12015465414016291,
    0.07947731366005265,
    0.07617811475191234,
    0.08248111364976186,
    0.07448857329323708,
    0.08164392874072618,
    0.06829832065429797
  ],
  "val_f1s": [
    0.0,
    0.0,
    0.0,
    0.0,
    0.0,
    0.0,
    0.05405405405405406,
    0.019230769230769232,
    0.038461538461538464,
    0.020618556701030927,
    0.05504587155963303,
    0.24347826086956523,
    0.03571428571428571,
    0.25510204081632654,
    0.2484472049689441,
    0.29457364341085274,
    0.26153846153846155,
    0.2601626016260163,
    0.3050847457627119,
    0.39705882352941174,
    0.24390243902439024,
    0.1592920353982301,
    0.23622047244094488,
    0.14492753623188406,
    0.25,
    0.25806451612903225,
    0.2987012987012987,
    0.22033898305084745,
    0.23333333333333334,
    0.19298245614035087,
    0.37037037037037035,
    0.4057971014492754,
    0.5303867403314917,
    0.2047244094488189,
    0.2923076923076923,
    0.3724137931034483,
    0.5068493150684932,
    0.32786885245901637,
    0.31724137931034485,
    0.32432432432432434,
    0.2857142857142857,
    0.3609022556390977,
    0.304,
    0.3064516129032258,
    0.42962962962962964,
    0.47706422018348627,
    0.535031847133758,
    0.4666666666666667,
    0.26666666666666666,
    0.37398373983739835,
    0.4794520547945205,
    0.43537414965986393,
    0.16129032258064516,
    0.36764705882352944,
    0.5697674418604651,
    0.4492753623188406,
    0.38235294117647056,
    0.496551724137931,
    0.49295774647887325,
    0.43795620437956206,
    0.36923076923076925,
    0.43795620437956206,
    0.47619047619047616,
    0.4028776978417266,
    0.5034965034965035,
    0.48951048951048953,
    0.4198895027624309,
    0.4647887323943662,
    0.4155844155844156,
    0.15517241379310345,
    0.3902439024390244,
    0.36507936507936506,
    0.4788732394366197,
    0.3287671232876712,
    0.29577464788732394,
    0.2714285714285714,
    0.3888888888888889,
    0.33587786259541985,
    0.25,
    0.3076923076923077,
    0.42424242424242425,
    0.44285714285714284,
    0.32592592592592595,
    0.296875,
    0.4444444444444444
  ],
  "best_epoch": 54
}