{
  "train_losses": [
    0.35507968961778613,
    0.054524004902276726,
    0.057534771083834736,
    0.0858360475601512,
    0.027546573054193384,
    0.023267325208281463,
    0.04496298442512246,
    0.015940844516666806,
    0.02404022250955475,
    0.0321615101379555,
    0.009911959664386814,
    0.014767629656008568,
    0.028090419646030367,
    0.01124118435660825,
    0.005791504472355074,
    0.023743667930828247,
    0.009241206985853852,
    0.0059943327417062795,
    0.010961089439686779,
    0.006688441876557489,
    0.004723238119554986,
    0.0018048524940180262,
    0.012496423617679588,
    0.009357991654144119,
    0.005325236501958999,
    0.01832816386144562
  ],
  "val_losses": [
    1.097305553033948,
    3.2462448033038527,
    2.701973855301081,
    11.313865542967376,
    6.823993841289068,
    27.12681854976901,
    3.9596524484758056,
    14.698084425780118,
    11.582899805778132,
    4.306684186854129,
    4.262961908980531,
    4.533611916901431,
    6.913356136462913,
    6.267304960437936,
    3.695177344684583,
    6.80431380145652,
    7.09723014004989,
    7.308585735329838,
    7.578620631639361,
    10.756300450408244,
    8.64647514189653,
    9.74365486577491,
    9.058438432338985,
    8.860040819360782,
    8.817312990560302,
    9.205085314830999
  ],
  "best_epoch": 0
}