{
  "train_losses": [
    0.059457188869795105,
    0.022567148838359655,
    0.021349493686235354,
    0.021162609833951913,
    0.020291513771216355,
    0.021189260469184498,
    0.018703198180732766,
    0.019693671945440635,
    0.019670995713598774,
    0.017836067370358814,
    0.017940886323915772,
    0.018642615846075704,
    0.017497838953551784,
    0.017008596821949724,
    0.017120024097790378,
    0.0170855146827532,
    0.016108998584069226,
    0.015209138980710859,
    0.01616268539068739,
    0.014815160729974675,
    0.01564870533805466,
    0.01584317792845325,
    0.013726576995313837,
    0.014661049896725611,
    0.015166752383091979,
    0.013496606018174482,
    0.013804805631163332,
    0.012987137952652038,
    0.012809175418511953,
    0.013083156416705401,
    0.011676166766438257,
    0.011091730095644932,
    0.01143406535396771,
    0.012151413278005431,
    0.012620714185707104,
    0.010786583225289883,
    0.011947971572471636
  ],
  "val_losses": [
    0.019350717402994634,
    0.005156837299000472,
    0.008006999222561716,
    0.007507722685113549,
    0.02546144039079081,
    0.017013085959479212,
    0.003422478394350037,
    0.01540721173514612,
    0.008386691552004777,
    0.005579132511047647,
    0.006561045984562952,
    0.005710575240664184,
    0.007892366306623443,
    0.0073479936341755096,
    0.005241206247592345,
    0.013055260985856876,
    0.007409816070139641,
    0.004519346996676177,
    0.014655982627300546,
    0.009846186391951051,
    0.01097470904351212,
    0.007933067646808923,
    0.014242171855585184,
    0.008940666419948683,
    0.005385672250122297,
    0.004825145361246541,
    0.030434594838880002,
    0.008163128166052048,
    0.009027838305337354,
    0.00630611702799797,
    0.0118428159825271,
    0.006349707793015113,
    0.011926888226298615,
    0.0053258871113939675,
    0.004133804434241028,
    0.00852841642627027,
    0.009594807573012076
  ],
  "val_f1s": [
    0.0,
    0.0,
    0.0,
    0.0,
    0.0,
    0.0,
    0.0,
    0.0,
    0.0,
    0.0,
    0.0,
    0.0,
    0.0,
    0.0,
    0.0,
    0.0,
    0.0,
    0.0,
    0.0,
    0.0,
    0.0,
    0.0,
    0.0,
    0.0,
    0.0,
    0.0,
    0.0,
    0.0,
    0.0,
    0.0,
    0.0,
    0.0,
    0.0,
    0.0,
    0.0,
    0.0,
    0.0
  ],
  "best_epoch": 6
}