{
  "train_losses": [
    0.5522594066227183,
    0.5257549262514302,
    0.4784805307201311,
    0.4598982597098631,
    0.44263522473036077,
    0.43070781347798365,
    0.4255880240131827,
    0.41147006376116885,
    0.40183016774701136,
    0.3950767493715473,
    0.3788547556774289,
    0.3744957674952114,
    0.3667634065244712,
    0.35685785260854985,
    0.3463250585630828,
    0.3467781082087872,
    0.34541427680090364,
    0.32795998278786154,
    0.3163573142944598,
    0.30875075856844586,
    0.3171132218603994,
    0.3037387766674453,
    0.2980526218227312,
    0.28666943077947576,
    0.27770546984438804,
    0.27475719738240334,
    0.2715117978114708,
    0.2593746795958164,
    0.2529050018273148,
    0.2571248607892616,
    0.2437652331941268,
    0.23458808426763497,
    0.23676851041176739,
    0.23161094328936407,
    0.2224850125756918,
    0.2210328900346569,
    0.2089161793975269,
    0.2121153155378267,
    0.20030872582220563,
    0.19631321173088223,
    0.19306816365204604,
    0.1853665781079554,
    0.18561815908726523,
    0.17641430596510568,
    0.1794008355514676,
    0.17428316453508302,
    0.1721053626023087,
    0.17407419897762,
    0.169586987472048,
    0.16688124251131917,
    0.16695906031949848,
    0.16353434032084896,
    0.16879191571006588,
    0.16439276656099394,
    0.16011807044931486,
    0.22861356624201232
  ],
  "val_losses": [
    0.5672657787799835,
    0.5095979731816512,
    0.5612240021045392,
    0.6037424802780151,
    0.5882837680669931,
    0.43704993105851686,
    0.6973098871799616,
    0.4715640040544363,
    0.7412542700767517,
    0.5780542607490833,
    0.6229176842249357,
    0.6071157294970292,
    0.6646999602134411,
    0.5950583345614947,
    0.6120326633636768,
    0.5564440832688258,
    0.5732957331033853,
    0.6462973425021539,
    0.6685467683351957,
    0.6346230965394241,
    0.6692521067766043,
    1.036781253722998,
    0.5913040890143468,
    0.6562313093588903,
    0.763550192117691,
    0.737346195257627,
    0.6930859111822568,
    0.7322324480001743,
    0.7579612869482774,
    0.7844127875107986,
    0.8211317910597875,
    0.857590920650042,
    0.9494155439046713,
    1.024834277538153,
    0.9578033020863166,
    0.8751607468495002,
    0.8830070679004376,
    0.88543884570782,
    0.8518428343992966,
    0.9411343679978297,
    0.9716388308084928,
    0.9162537936980908,
    0.9488259691458482,
    0.9499360575125768,
    0.9405734080534714,
    1.0651778876781464,
    0.9811631670364966,
    1.006377073434683,
    0.9862241286497849,
    1.0386446829025562,
    1.075864968391565,
    1.0462985978676722,
    1.0536578870736635,
    1.0278405294968531,
    1.0296911138754625,
    0.85353373334958
  ],
  "val_f1s": [
    0.6489618541767262,
    0.677536231884058,
    0.7525925925925926,
    0.6155567991046447,
    0.703205791106515,
    0.797573083287369,
    0.7622211675367822,
    0.6847073631214601,
    0.6186186186186187,
    0.6428957320367369,
    0.6912339475153545,
    0.6225806451612903,
    0.6952879581151833,
    0.7020072053525476,
    0.704225352112676,
    0.6935300794551645,
    0.6852272727272727,
    0.7089430894308943,
    0.7174603174603175,
    0.6061334936861095,
    0.662528216704289,
    0.6598984771573604,
    0.7081447963800905,
    0.7258726899383984,
    0.6738777717685235,
    0.6721945826423439,
    0.6784335355763927,
    0.72544080604534,
    0.6477541371158393,
    0.6385404789053591,
    0.6500283607487237,
    0.6904512067156349,
    0.6117111995451961,
    0.6110183639398998,
    0.6451612903225806,
    0.6554433221099888,
    0.6531531531531531,
    0.6588628762541806,
    0.6703539823008849,
    0.6690017513134852,
    0.6691932864103952,
    0.6696679797411368,
    0.663259511641113,
    0.6681198910081744,
    0.6770083102493075,
    0.6585500830105147,
    0.6508670520231213,
    0.6595143986448334,
    0.6696730552423901,
    0.6542792792792793,
    0.6517607602012297,
    0.6670372429127293,
    0.6573504751257686,
    0.6621697582911749,
    0.6640316205533597,
    0.6308871851040526
  ],
  "best_epoch": 5
}