{
  "train_losses": [
    0.2644439506669377,
    0.06970522522839696,
    0.07810803953298302,
    0.043941801930723584,
    0.055655777391024626,
    0.061143863557291026,
    0.045564017551247206,
    0.06452639545097427,
    0.058196894409707586,
    0.060911846910007734,
    0.03673502441348784,
    0.02160698011871001,
    0.014814258239443176,
    0.019412364716786108,
    0.02115633905153562,
    0.03823330668465344,
    0.02021883234258915,
    0.019865711478023726,
    0.03272409028680603,
    0.011700883726895648,
    0.009249132084601855,
    0.010626527254177301,
    0.015365359313787045,
    0.014593562322534125,
    0.005919388424106643,
    0.02409075559473718
  ],
  "val_losses": [
    0.2646564783666421,
    0.7215682019240275,
    0.8837190109097045,
    1.466371783903991,
    1.5878141991841033,
    1.615774275688889,
    2.1176956589742355,
    1.6050003113991258,
    2.0323413823185814,
    1.6699174693889862,
    2.151385602958827,
    2.651474878107049,
    2.691986154922389,
    2.499745281397276,
    2.5222429185757838,
    2.243764004174405,
    3.1442148509395658,
    2.7237780429841343,
    2.6833769663501177,
    3.2883181315091417,
    3.8441009160421746,
    3.3790812267509787,
    3.4098306297344148,
    3.2250760980013604,
    3.4769808947417897,
    3.4642451679275563
  ],
  "best_epoch": 0
}