{
  "train_losses": [
    0.05734295986628937,
    0.02937186229521933,
    0.02780506723262008,
    0.025957237472486436,
    0.024398617242978326,
    0.022726810247935717,
    0.021611202689050472,
    0.021868003229384574,
    0.02037568207721687,
    0.01978799394666425,
    0.02026467157066664,
    0.018245576132649502,
    0.018593579955688378,
    0.018198223954102803,
    0.016290300670396357,
    0.01691225611432953,
    0.015565905785549757,
    0.014535007010512416,
    0.01590932547838147,
    0.015562185169948102,
    0.015884845705196552,
    0.014320320528886706,
    0.012698512924473408,
    0.013184641320620057,
    0.015216626127440375,
    0.013516064460877582,
    0.012125585951562066,
    0.013809993441524074,
    0.012426248822786203,
    0.013825090988584369,
    0.012364247635241996,
    0.011350100776361465,
    0.012665826092627876,
    0.01082400410115104,
    0.01233174512840952,
    0.010337523729495198,
    0.011183410466454236,
    0.009592973899539307,
    0.011469044567772991,
    0.01037465729434224,
    0.009358133998353632,
    0.011589553545102549,
    0.009301621154927223,
    0.008626307893173715,
    0.008932644837011484,
    0.011618392635814991,
    0.008895499369545468,
    0.007696172640968602,
    0.011295653115596297,
    0.009285673594613134,
    0.009889447176602931,
    0.009509008876793991,
    0.008317051554840166,
    0.007758759028838894,
    0.008927794628283822,
    0.008355562620371291,
    0.006884097934585264,
    0.007472946344721086,
    0.008790235055465867,
    0.007340525939283006,
    0.007962725507841419,
    0.007360371844379629,
    0.008173648722343219,
    0.006107358279602955,
    0.006636825916572085,
    0.006617201665965659,
    0.0069444684754803926,
    0.006466743573309058,
    0.007334202546648934,
    0.006651580023739795,
    0.007852541195461527,
    0.007713147044041673,
    0.008133853552156598,
    0.006651880479252726,
    0.007695272205752384,
    0.006086118370396293,
    0.006009554194040072,
    0.00634725355569757,
    0.005800522044719224,
    0.005942277149302949,
    0.00710864564808237,
    0.005384524255929949,
    0.0064867518986891776,
    0.005626041321784655,
    0.005908549668321621,
    0.005457921378462557,
    0.006881336513703273,
    0.005675484160287984
  ],
  "val_losses": [
    0.011377367310139328,
    0.009455541489905742,
    0.02800886380637801,
    0.010202493648542914,
    0.00617566014312446,
    0.025293687986599846,
    0.009422502424946964,
    0.013465370687786056,
    0.01843384513631463,
    0.013143869157512348,
    0.024546426536818575,
    0.01692306923376786,
    0.012332844646745037,
    0.018575105661807884,
    0.01455384251380036,
    0.02454426333438172,
    0.025162472270515768,
    0.005705783573978615,
    0.008764682450672872,
    0.014559790739101942,
    0.010564046801233035,
    0.009128952951192162,
    0.007644893437489288,
    0.008918959692257273,
    0.012967148883035406,
    0.006514077802611884,
    0.01587535914548552,
    0.010381986844613281,
    0.025346590085889128,
    0.016104131903185315,
    0.0072063321523844846,
    0.016090846213723295,
    0.013832746450599759,
    0.010874830397877431,
    0.0058866213667622715,
    0.009829336768022988,
    0.01059061083135528,
    0.00785725524817048,
    0.013458413243846059,
    0.01123019630730871,
    0.02331700293228117,
    0.004814460109120646,
    0.003776916820771835,
    0.007870557077060154,
    0.014273839303208406,
    0.012655444127821559,
    0.00773743216666125,
    0.01268888697213274,
    0.011706809459124194,
    0.004245225300078452,
    0.005696411624866901,
    0.006815869365392394,
    0.009970929796699514,
    0.011892087399711843,
    0.0058033778432006735,
    0.0057268009480795565,
    0.012737603987388442,
    0.002894756801176067,
    0.010757888663224443,
    0.007273367176145087,
    0.013886379423892386,
    0.009139816718024397,
    0.011051191944631661,
    0.006696622836263782,
    0.012557112136904792,
    0.02086022471569798,
    0.008011112999114165,
    0.006825999399277566,
    0.009746005352543191,
    0.010630186844981265,
    0.013580951572209394,
    0.008235848865127949,
    0.004882279885519935,
    0.00775746364651727,
    0.00687288545461427,
    0.010333553961678517,
    0.009791299076083348,
    0.008374588281608445,
    0.007740762338725353,
    0.007668925199881372,
    0.007692868059758587,
    0.004760989445918143,
    0.008171367777956833,
    0.008162189665421635,
    0.00807176027524821,
    0.011208345095605352,
    0.005689406723239551,
    0.005225321357842361
  ],
  "val_f1s": [
    0.0,
    0.0,
    0.0,
    0.0,
    0.0,
    0.0,
    0.0,
    0.0,
    0.0,
    0.0,
    0.0,
    0.0,
    0.0,
    0.0,
    0.0,
    0.0,
    0.0,
    0.0,
    0.0,
    0.0,
    0.0,
    0.0,
    0.0,
    0.0,
    0.0,
    0.0,
    0.0,
    0.0,
    0.0,
    0.0,
    0.0,
    0.0,
    0.0,
    0.0,
    0.0,
    0.0,
    0.0,
    0.0,
    0.0,
    0.0,
    0.0,
    0.0,
    0.0,
    0.0,
    0.0,
    0.0,
    0.0,
    0.0,
    0.0,
    0.0,
    0.0,
    0.0,
    0.0,
    0.0,
    0.0,
    0.0,
    0.0,
    0.0,
    0.0,
    0.0,
    0.0,
    0.0,
    0.0,
    0.0,
    0.0,
    0.0,
    0.0,
    0.0,
    0.0,
    0.0,
    0.0,
    0.0,
    0.0,
    0.0,
    0.0,
    0.0,
    0.0,
    0.0,
    0.0,
    0.0,
    0.0,
    0.0,
    0.0,
    0.0,
    0.0,
    0.0,
    0.0,
    0.0
  ],
  "best_epoch": 57
}