{
  "train_losses": [
    0.2555084257965555,
    0.13225656150009585,
    0.1262859905176368,
    0.12439437765577757,
    0.11389223776279471,
    0.10301449955944475,
    0.11267036869429757,
    0.11174329463707132,
    0.12123595751079454,
    0.12599868532207265,
    0.10707093446320426,
    0.10840594464428471,
    0.09586928948143346,
    0.10939388146554749,
    0.1146569550037384,
    0.09166472028103985,
    0.10433397875867495,
    0.10978611775302656,
    0.09118376871589823,
    0.08308020141447668,
    0.1026653796080437,
    0.07448071909940965,
    0.08772420050887819,
    0.09609185042437103,
    0.10189250671317347,
    0.0879950037755456,
    0.09585562582769608,
    0.09404102277413413,
    0.09653126929392661,
    0.09356802084870208,
    0.10444529053347651,
    0.0678907635875795,
    0.08879062899772229,
    0.12872789439515564,
    0.08869413294234767,
    0.10677596864823843,
    0.05385822187825987,
    0.070508411588152,
    0.055428722533129936,
    0.06770514609367662,
    0.05823091315176351,
    0.07219983605004067,
    0.06035378486115872,
    0.06798305252930338,
    0.048185593523108715,
    0.0709299071360776,
    0.0618207782405276,
    0.053112795151694606,
    0.0974275312955551,
    0.06862939672420318,
    0.08556064979564178,
    0.06070952212876118,
    0.0650614817421081,
    0.08204027343340017,
    0.06078541038024579,
    0.0647321028168458,
    0.07171187421310507,
    0.05987251643425741,
    0.06836880650705614,
    0.08279124186564996,
    0.08508039644501067,
    0.051646434886041225,
    0.03262844700264002,
    0.05390148900546223,
    0.07437102726072299,
    0.049510278194223226,
    0.07219413557332528,
    0.05814807826538674,
    0.058265521121349,
    0.06061690972096954,
    0.05414746903615368,
    0.05374729351014311,
    0.03767967513979513,
    0.04520218958016296,
    0.05046320445411323,
    0.03907205064633918
  ],
  "val_losses": [
    0.19657720784273217,
    0.1471665213854673,
    0.13472222138536347,
    0.11538856882636501,
    0.09322337282421858,
    0.07167611874851276,
    0.06643160321023149,
    0.06705141371643478,
    0.0628290515459073,
    0.07224455002217249,
    0.05335228758022091,
    0.05628073051340442,
    0.053077023803586386,
    0.035255052472672445,
    0.0485494260836245,
    0.03538377259255243,
    0.042817338478190484,
    0.061149395685920274,
    0.04303714913219567,
    0.0386610546891742,
    0.03041912104226399,
    0.06291452926327988,
    0.04356304630888846,
    0.04360207360346137,
    0.05447694151615442,
    0.040800221535852915,
    0.024970383993654924,
    0.04484892010443586,
    0.03744144807967364,
    0.047602296602601166,
    0.03478457230179223,
    0.030560521768575533,
    0.03653164246215015,
    0.03993119857528297,
    0.03999892190556116,
    0.04336074077555062,
    0.026809615782037454,
    0.03027190572372604,
    0.029030739497183277,
    0.02467090890222022,
    0.022084014847884664,
    0.029819794375656,
    0.028734035358753306,
    0.02495008818485924,
    0.028143864551348388,
    0.03303610845782864,
    0.019029625203577618,
    0.02332818473044539,
    0.021654614043117255,
    0.0197235188570147,
    0.014627038369543027,
    0.028329896938654623,
    0.020403546197519117,
    0.025303744484572906,
    0.026612590364713005,
    0.020043927006831736,
    0.027444813353325062,
    0.022152448558349948,
    0.021326235313805952,
    0.019834333417994794,
    0.018817550847915986,
    0.01838637491650666,
    0.016529493184718132,
    0.024489700975327593,
    0.015572000904780338,
    0.024804863019143194,
    0.01889150189775688,
    0.017776616414980063,
    0.015112886990728597,
    0.01832506890305587,
    0.015963358238844788,
    0.01798526936793382,
    0.014848760315226675,
    0.016303624418154777,
    0.018570378163712663,
    0.01542416265401824
  ],
  "best_epoch": 50
}