{
  "accuracy": 0.841751082793428,
  "precision": 0.7521694742215416,
  "recall": 0.85428543820659,
  "f1": 0.7999819029091073,
  "test_samples": 27937,
  "correct_in_test": 10349,
  "incorrect_in_test": 17588,
  "model_type": "RandomForestClassifier",
  "auc": 0.9184876044161998
}