{
  "train_losses": [
    0.5720553050438563,
    0.5325550076862177,
    0.4059423791865508,
    0.3266308903694153,
    0.3153184341887633,
    0.2904571207861106,
    0.2777886185795069,
    0.2576221190392971,
    0.2262827359760801,
    0.21739954066773257,
    0.20409566101928553,
    0.1984344987819592,
    0.18507590082784495,
    0.16940986489256224,
    0.15261781681329012,
    0.15665210131555796,
    0.15813447379817566,
    0.14884163190921149,
    0.1411267826333642,
    0.13273592355350652,
    0.1283783388013641,
    0.1303260906909903,
    0.12078641292949517,
    0.1153226550668478,
    0.12013396030912797,
    0.1086118808016181,
    0.0999370872353514,
    0.1134315241749088,
    0.08858683860550325,
    0.10860125115141273,
    0.08935105707496405,
    0.0928867928062876,
    0.08742019347846508,
    0.07502864223594467,
    0.08232108037918806,
    0.07640473901604612,
    0.06671270495280623,
    0.07463821209967136,
    0.07284578603381912,
    0.06679159045840304,
    0.062001847584421434,
    0.06594719116886456,
    0.05493830214254558,
    0.060336222406476736,
    0.06222565798088908,
    0.05315186036750674,
    0.054024407252048455,
    0.053032794346412025,
    0.051167733734473586,
    0.05079659241406868,
    0.0480175456420208,
    0.055998360738158226
  ],
  "val_losses": [
    0.6233598121574947,
    0.4711222308022635,
    0.37403406894632746,
    0.8015114845974105,
    0.5685679178152766,
    0.5331760283027377,
    0.5099651004586901,
    1.0072365520255906,
    0.9533219390681812,
    0.9539838269619005,
    1.125366494591747,
    0.721998126112989,
    1.2360462841710873,
    1.589406471167292,
    1.5411869468433517,
    2.148939943739346,
    1.0020848834621054,
    1.4167633902813708,
    2.0085423131074225,
    1.718702504677432,
    1.5421456726534026,
    2.0488289168902805,
    2.101306079221623,
    1.7436884950314249,
    1.9595280207161392,
    1.0900660598916667,
    1.9066141955554485,
    1.6502092475337642,
    2.4698997155896256,
    1.8671417348086834,
    2.248088540243251,
    2.381417227642877,
    2.5106529013386796,
    2.617361688454236,
    2.549349403541003,
    2.359045917234783,
    2.6145874446790134,
    2.9443449029432878,
    2.930368062108755,
    2.750449400594724,
    2.7800251035285846,
    2.9805647044309547,
    3.1005176082253456,
    2.856018166722996,
    2.9545228550476685,
    3.017417606764606,
    3.0928794044469083,
    3.0349527145070687,
    3.0011880498911654,
    3.1103842040257796,
    3.1134091142032827,
    3.1423750471855914
  ],
  "val_f1s": [
    0.5441176470588235,
    0.7655986509274874,
    0.6728971962616822,
    0.5640074211502782,
    0.5859375,
    0.6844741235392321,
    0.6910994764397905,
    0.39740820734341253,
    0.7393364928909952,
    0.5433962264150943,
    0.5825932504440497,
    0.5708582834331337,
    0.6713881019830028,
    0.532347504621072,
    0.48184818481848185,
    0.5234248788368336,
    0.6093514328808446,
    0.526148969889065,
    0.4339622641509434,
    0.4943089430894309,
    0.5032051282051282,
    0.42158516020236086,
    0.5451761102603369,
    0.48494983277591974,
    0.4813008130081301,
    0.5066225165562914,
    0.47974068071312803,
    0.5136436597110754,
    0.4723127035830619,
    0.5127388535031847,
    0.4721311475409836,
    0.4820846905537459,
    0.4433164128595601,
    0.4605263157894737,
    0.46905537459283386,
    0.4645799011532125,
    0.4788273615635179,
    0.45751633986928103,
    0.4462809917355372,
    0.47896440129449835,
    0.4713584288052373,
    0.4582651391162029,
    0.46078431372549017,
    0.47479674796747967,
    0.47479674796747967,
    0.47649918962722854,
    0.47572815533980584,
    0.47479674796747967,
    0.4730831973898858,
    0.4698205546492659,
    0.474025974025974,
    0.46905537459283386
  ],
  "best_epoch": 1
}