{
  "train_losses": [
    0.17319412040524185,
    0.08839636047681172,
    0.07102687781055768,
    0.06464391629884227,
    0.057440037787374526,
    0.05684371163887489,
    0.050026780747834385,
    0.05828743937632276,
    0.0404830047078172,
    0.04598166752273553,
    0.030228018450240295,
    0.026650779118224617,
    0.02530039512263708,
    0.021822799901403615,
    0.029448260264163965,
    0.03121416750046693,
    0.02253108886078634,
    0.026202587932251237,
    0.027353308987787588,
    0.014673109320534018,
    0.014631742476770645,
    0.022758785075211563,
    0.01491360740935003,
    0.01607843393680418,
    0.02129436555742359,
    0.025440159693668345
  ],
  "val_losses": [
    0.06241739677664425,
    0.07264159693399311,
    0.08584406033956579,
    0.08612786662914525,
    0.0846573728382022,
    0.08568961791713393,
    0.22339660901116076,
    0.19655240731422705,
    0.2833759482073544,
    0.2889032259651166,
    0.15250098394575876,
    0.38108979422278416,
    0.3479274682492165,
    0.3254702462438672,
    0.22267986847850807,
    0.3527160050589048,
    0.4795692728002742,
    0.49085992683613505,
    0.45272705916024086,
    0.9692784374731218,
    1.0120019044925033,
    0.6922472512221215,
    0.775290455678828,
    0.7668635045669784,
    0.9074860117484279,
    0.8749903501145175
  ],
  "best_epoch": 0
}