{
  "train_losses": [
    0.08496267452836037,
    0.040652487594634294,
    0.0350569930486381,
    0.03423608461394906,
    0.032230186257511374,
    0.03175978694111109,
    0.029267068449407817,
    0.029657989079132675,
    0.02727592146024108,
    0.02755565382540226,
    0.02520586524158716,
    0.02505724975839257,
    0.022980675734579563,
    0.02252684371545911,
    0.023849234785884618,
    0.022809210754930972,
    0.022197921127080918,
    0.0227852794714272,
    0.020788340251892804,
    0.020042514726519585,
    0.02033426987938583,
    0.02170820202678442,
    0.020330080837011336,
    0.01906886976212263,
    0.01719401719048619,
    0.018495880365371704,
    0.019284840738400817,
    0.0177654366241768,
    0.018322387486696245,
    0.01722959757782519,
    0.01803950753994286,
    0.01735177812166512,
    0.017967464374378322,
    0.016510932333767415,
    0.0155329111777246,
    0.01811372603289783,
    0.016169420965015887,
    0.015028318683616817,
    0.01568619648460299,
    0.014258718686178326,
    0.014810654064640404,
    0.014438403737731278,
    0.013434348781593143,
    0.014244805830530822,
    0.01352897340140771,
    0.01216228065546602,
    0.01372571172658354,
    0.013248846833594143,
    0.011550189144909382,
    0.014808297934941948,
    0.013486252902075647,
    0.01161496193613857,
    0.013580383835360407,
    0.01237201607087627,
    0.013015346188331023,
    0.012833247757516802,
    0.013118711221031844
  ],
  "val_losses": [
    0.12004694193601609,
    0.30838388204574585,
    0.2736355483531952,
    0.34034461379051206,
    0.40111836791038513,
    0.34566610455513,
    0.31215977668762207,
    0.43225838541984557,
    0.4449218213558197,
    0.5813294887542725,
    0.6281724095344543,
    0.4684198260307312,
    0.4549653947353363,
    0.4109589636325836,
    0.5705343961715699,
    0.5900846242904663,
    0.525482428073883,
    0.6163280844688416,
    0.7493065118789672,
    0.6570804715156555,
    0.453508061170578,
    0.43113486766815184,
    0.5342593610286712,
    0.47927567958831785,
    0.7634939432144165,
    0.3961793214082718,
    0.2657605856657028,
    0.6731872260570526,
    0.3920206964015961,
    0.4942586421966553,
    0.6159718811511994,
    0.389650696516037,
    0.5059050142765045,
    0.6029227614402771,
    0.6208804428577424,
    0.43615511655807493,
    0.6781870424747467,
    0.37897998094558716,
    0.3757408380508423,
    0.5153271138668061,
    0.6581016927957535,
    0.5755011379718781,
    0.648551094532013,
    0.765527856349945,
    0.8243286848068238,
    0.9113773107528687,
    0.23401325196027756,
    0.6982917666435242,
    0.854340934753418,
    0.507325404882431,
    0.5171284198760986,
    0.712042510509491,
    0.705084377527237,
    0.7848984718322753,
    0.5567105650901795,
    0.39170241355895996,
    0.7216168433427811
  ],
  "val_f1s": [
    0.0,
    0.0,
    0.0,
    0.0,
    0.0,
    0.0,
    0.0,
    0.0,
    0.012422360248447204,
    0.06060606060606061,
    0.012422360248447204,
    0.012422360248447204,
    0.08383233532934131,
    0.15028901734104047,
    0.10650887573964497,
    0.15028901734104047,
    0.04878048780487805,
    0.16091954022988506,
    0.11764705882352941,
    0.06060606060606061,
    0.3157894736842105,
    0.16091954022988506,
    0.23204419889502761,
    0.5185185185185185,
    0.2887700534759358,
    0.6382978723404256,
    0.6991869918699187,
    0.25136612021857924,
    0.2608695652173913,
    0.2702702702702703,
    0.2222222222222222,
    0.6206896551724138,
    0.30687830687830686,
    0.44660194174757284,
    0.4688995215311005,
    0.2608695652173913,
    0.44660194174757284,
    0.5321100917431193,
    0.43902439024390244,
    0.43137254901960786,
    0.47619047619047616,
    0.43137254901960786,
    0.45410628019323673,
    0.2702702702702703,
    0.2608695652173913,
    0.45410628019323673,
    0.6497890295358649,
    0.3673469387755102,
    0.25136612021857924,
    0.5454545454545454,
    0.4158415841584158,
    0.5185185185185185,
    0.358974358974359,
    0.2608695652173913,
    0.43902439024390244,
    0.5585585585585585,
    0.46153846153846156
  ],
  "best_epoch": 26
}