{
  "accuracy": 0.2226407613005551,
  "precision": 0.9887907608695652,
  "recall": 0.06327022973766003,
  "f1": 0.11893040263109514,
  "cv_f1_mean": 0.09413902998095791,
  "cv_f1_std": 0.07018825050516837,
  "n_train_videos": 438,
  "n_test_videos": 188
}