{
  "accuracy": 0.18762165669382164,
  "precision": 0.9895287958115183,
  "recall": 0.020539459670933947,
  "f1": 0.0402435908355336,
  "cv_f1_mean": 0.02887142881640381,
  "cv_f1_std": 0.024138769478491272,
  "n_train_videos": 438,
  "n_test_videos": 188
}