{
  "accuracy": 0.3641950832672482,
  "precision": 0.9224531569831522,
  "recall": 0.2546675650416223,
  "f1": 0.39914155780007154,
  "cv_f1_mean": 0.16316203584888286,
  "cv_f1_std": 0.08871104261821725,
  "n_train_videos": 438,
  "n_test_videos": 188
}