{
  "f1": 0.5091383812010444,
  "accuracy": 0.4446085672082718,
  "precision": 0.5416666666666666,
  "recall": 0.4802955665024631,
  "best_epoch": 1,
  "best_val_f1": 0.6125461254612546,
  "val_best_thresh": 0.8500000000000002,
  "n_train": 3920,
  "n_test": 677,
  "pretrained": true
}