{
  "accuracy": 0.8117091375590414,
  "precision": 0.803724577309483,
  "recall": 0.5746320953048353,
  "f1": 0.670139953008479,
  "cv_f1_mean": 0.6680644261775454,
  "cv_f1_std": 0.026580041296579888,
  "n_train_videos": 17243,
  "n_test_videos": 7391
}