{
  "accuracy": 0.814508134585107,
  "precision": 0.9152152481104173,
  "recall": 0.4879117028731605,
  "f1": 0.6364986858644727,
  "cv_f1_mean": 0.5554846829256449,
  "cv_f1_std": 0.13787882380194083,
  "n_train_videos": 17243,
  "n_test_videos": 7391
}