{
  "accuracy": 0.8024231127679403,
  "precision": 0.24561403508771928,
  "recall": 0.5833333333333334,
  "f1": 0.345679012345679,
  "best_epoch": 0,
  "best_val_loss": 2.2742342352867126,
  "best_threshold": 0.8500000000000002,
  "n_train": 7135,
  "n_test": 1073,
  "n_params": 151234,
  "input_dim": 11,
  "hidden_dim": 64,
  "num_layers": 2
}