{
  "accuracy": 0.8825004373432853,
  "precision": 0.8865396692484823,
  "recall": 0.7419411352487737,
  "f1": 0.8078206962327134,
  "cv_f1_mean": 0.759790814639751,
  "cv_f1_std": 0.1704170155124698,
  "n_train_videos": 17243,
  "n_test_videos": 7391
}