{
  "accuracy": 0.9353328206442793,
  "precision": 0.6342512908777969,
  "recall": 0.5858505564387917,
  "f1": 0.6090909090909091,
  "cv_f1_mean": 0.7657741717267044,
  "cv_f1_std": 0.02933068123295111,
  "n_train_videos": 17524,
  "n_test_videos": 7511
}