{
  "accuracy": 0.96084764590276,
  "precision": 0.7977406039539431,
  "recall": 0.7297297297297297,
  "f1": 0.7622210690192008,
  "cv_f1_mean": 0.8313695523741144,
  "cv_f1_std": 0.09455339818635655,
  "n_train_videos": 17524,
  "n_test_videos": 7511
}