{
  "f1": 0.5739130434782609,
  "accuracy": 0.5636458878994238,
  "precision": 0.4774468085106383,
  "recall": 0.7192307692307692,
  "best_epoch": 20,
  "best_val_f1": 0.7523961661341853,
  "val_best_thresh": 0.1,
  "n_train": 6205,
  "n_test": 1909,
  "pretrained": true
}