{
  "accuracy": 0.9310775014953431,
  "precision": 0.637414030261348,
  "recall": 0.4604531001589825,
  "f1": 0.5346717433944849,
  "cv_f1_mean": 0.6603653285875638,
  "cv_f1_std": 0.06657853913605667,
  "n_train_videos": 17524,
  "n_test_videos": 7511
}