{
  "accuracy": 0.7810140237324703,
  "precision": 0.7028985507246377,
  "recall": 0.784366576819407,
  "f1": 0.7414012738853503,
  "train_f1": 0.9926650366748166,
  "confusion_matrix": {
    "TP": 291,
    "FP": 123,
    "TN": 433,
    "FN": 80
  }
}