{
  "accuracy": 0.7088212334113974,
  "precision": 0.105,
  "recall": 0.7368421052631579,
  "f1": 0.1838074398249453,
  "best_epoch": 0,
  "best_val_loss": 0.2605167447030544,
  "best_threshold": 0.8500000000000002,
  "n_train": 5827,
  "n_test": 1281,
  "n_params": 151746,
  "input_dim": 12,
  "hidden_dim": 64,
  "num_layers": 2
}