{
  "accuracy": 0.9649041332183375,
  "precision": 0.634765625,
  "recall": 0.6623641304347826,
  "f1": 0.6482712765957447,
  "cv_f1_mean": 0.5796726025919029,
  "cv_f1_std": 0.03995749420878168,
  "n_train_videos": 6767,
  "n_test_videos": 2901
}