{
  "accuracy": 0.9617196311285079,
  "precision": 0.9344262295081968,
  "recall": 0.23233695652173914,
  "f1": 0.3721436343852013,
  "cv_f1_mean": 0.2919348150491703,
  "cv_f1_std": 0.17994189639405556,
  "n_train_videos": 6767,
  "n_test_videos": 2901
}