{
  "f1": 0.7028360049321825,
  "accuracy": 0.7400215749730313,
  "precision": 0.6477272727272727,
  "recall": 0.7681940700808625,
  "best_epoch": 32,
  "best_val_f1": 0.7707317073170732,
  "val_best_thresh": 0.1,
  "n_train": 2500,
  "n_test": 927,
  "pretrained": true
}