{
  "accuracy": 0.986698069395608,
  "precision": 0.868547832071576,
  "recall": 0.8573369565217391,
  "f1": 0.8629059829059829,
  "cv_f1_mean": 0.6339938365454844,
  "cv_f1_std": 0.11749613150528553,
  "n_train_videos": 6767,
  "n_test_videos": 2901
}