{
  "accuracy": 0.8052910052910053,
  "precision": 0.7579787234042553,
  "recall": 0.753968253968254,
  "f1": 0.7559681697612732,
  "train_f1": 0.9664791901012374,
  "best_epoch": 72,
  "best_val_loss": 2.474317282438278,
  "best_val_f1": 0.6697080291970803,
  "threshold_used_for_eval": 0.5,
  "val_best_thresh": 0.40000000000000013,
  "n_train": 5090,
  "n_val": 977,
  "n_test": 1890,
  "n_params": 2225612,
  "input_dim": 330,
  "hidden_dim": 128,
  "num_layers": 2,
  "seq_len": 30,
  "use_landmarks": true,
  "use_conv": true,
  "swa_used": false,
  "amp_used": true,
  "compiled": false,
  "confusion_matrix": {
    "TP": 570,
    "FP": 182,
    "TN": 952,
    "FN": 186
  }
}