{
  "accuracy": 0.8056272722482745,
  "precision": 0.6182065217391305,
  "recall": 0.5768011831819142,
  "f1": 0.5967865340474369,
  "cv_f1_mean": 0.6673899801380753,
  "cv_f1_std": 0.03127549618644308,
  "n_train_videos": 15555,
  "n_test_videos": 6667
}