{
  "accuracy": 0.7966173138732283,
  "precision": 0.6326344576116681,
  "recall": 0.4398901331079654,
  "f1": 0.5189431704885344,
  "cv_f1_mean": 0.5578632354419414,
  "cv_f1_std": 0.07513872890038688,
  "n_train_videos": 15555,
  "n_test_videos": 6667
}