{
  "accuracy": 0.8863480689182781,
  "precision": 0.8226452905811623,
  "recall": 0.6938516796957532,
  "f1": 0.7527793696275071,
  "cv_f1_mean": 0.7987276743602351,
  "cv_f1_std": 0.04122957881744482,
  "n_train_videos": 15555,
  "n_test_videos": 6667
}