{
  "accuracy": 0.8381411077522161,
  "precision": 0.5429051217464316,
  "recall": 0.8809264305177111,
  "f1": 0.6717922077922078,
  "cv_f1_mean": 0.8053927503729795,
  "cv_f1_std": 0.030666988489525475,
  "n_train_videos": 14492,
  "n_test_videos": 6211
}