{
  "accuracy": 0.912537787569811,
  "precision": 0.7234236284998862,
  "recall": 0.8659400544959128,
  "f1": 0.7882921989333995,
  "cv_f1_mean": 0.830995272092034,
  "cv_f1_std": 0.003692940108337811,
  "n_train_videos": 14492,
  "n_test_videos": 6211
}