{
  "accuracy": 0.7927829414980864,
  "precision": 0.1105121293800539,
  "recall": 0.45555555555555555,
  "f1": 0.17787418655097614,
  "best_epoch": 0,
  "best_val_loss": 0.5481244325637817,
  "best_threshold": 0.8500000000000002,
  "n_train": 4187,
  "n_test": 1829,
  "n_params": 151234,
  "input_dim": 11,
  "hidden_dim": 64,
  "num_layers": 2
}