{
  "accuracy": 0.8331198442383563,
  "precision": 0.5384186046511628,
  "recall": 0.7885558583106267,
  "f1": 0.6399115533443892,
  "cv_f1_mean": 0.7539154041514399,
  "cv_f1_std": 0.02474191029880065,
  "n_train_videos": 14492,
  "n_test_videos": 6211
}