{
  "accuracy": 0.9416926357224865,
  "precision": 0.8210174526550316,
  "recall": 0.9061475409836065,
  "f1": 0.8614845119812975,
  "cv_f1_mean": 0.8169231068899041,
  "cv_f1_std": 0.026938178504543598,
  "n_train_videos": 11404,
  "n_test_videos": 4888
}