{
  "accuracy": 0.9114708921805029,
  "precision": 0.048,
  "recall": 0.3870967741935484,
  "f1": 0.08540925266903915,
  "best_epoch": 0,
  "best_val_loss": 1.097305553033948,
  "best_threshold": 0.8000000000000002,
  "n_train": 7191,
  "n_test": 2903,
  "n_params": 151234,
  "input_dim": 11,
  "hidden_dim": 64,
  "num_layers": 2
}