{
  "f1": 0.7513397642015005,
  "accuracy": 0.746586564718733,
  "precision": 0.7271784232365145,
  "recall": 0.7771618625277162,
  "best_epoch": 55,
  "best_val_f1": 0.8165137614678899,
  "val_best_thresh": 0.30000000000000004,
  "n_train": 5075,
  "n_test": 1831,
  "pretrained": true
}