{
  "accuracy": 0.8795309168443497,
  "precision": 0.8183606557377049,
  "recall": 0.5114754098360655,
  "f1": 0.6295081967213115,
  "cv_f1_mean": 0.6284332763677472,
  "cv_f1_std": 0.09309944346538171,
  "n_train_videos": 11404,
  "n_test_videos": 4888
}