{
  "accuracy": 0.9134000328030178,
  "precision": 0.8470411233701103,
  "recall": 0.6922131147540984,
  "f1": 0.7618403247631935,
  "cv_f1_mean": 0.7142402049726512,
  "cv_f1_std": 0.043874307733890235,
  "n_train_videos": 11404,
  "n_test_videos": 4888
}