{
  "accuracy": 0.47018828451882844,
  "precision": 0.0,
  "recall": 0.0,
  "f1": 0.0,
  "best_epoch": 0,
  "best_val_loss": 0.2646564783666421,
  "best_threshold": 0.5,
  "n_train": 6867,
  "n_test": 1912,
  "n_params": 151746,
  "input_dim": 12,
  "hidden_dim": 64,
  "num_layers": 2
}