{
  "accuracy": 0.9381692573402418,
  "precision": 0.7375050792360829,
  "recall": 0.7493806771263418,
  "f1": 0.7433954536145811,
  "cv_f1_mean": 0.6265993521097005,
  "cv_f1_std": 0.07865888587686257,
  "n_train_videos": 11322,
  "n_test_videos": 4853
}