{
  "accuracy": 0.9682704169750802,
  "precision": 0.8070417673455299,
  "recall": 0.9653179190751445,
  "f1": 0.8791126151532243,
  "cv_f1_mean": 0.8191157246338744,
  "cv_f1_std": 0.03438160232675499,
  "n_train_videos": 11322,
  "n_test_videos": 4853
}