{
  "accuracy": 0.9951640759930915,
  "precision": 0.9611111111111111,
  "recall": 1.0,
  "f1": 0.9801699716713881,
  "cv_f1_mean": 0.8592118035856869,
  "cv_f1_std": 0.020090379729765115,
  "n_train_videos": 11322,
  "n_test_videos": 4853
}