{
  "f1": 0.6608108108108108,
  "accuracy": 0.6202723146747352,
  "precision": 0.7117903930131004,
  "recall": 0.6166456494325346,
  "best_epoch": 112,
  "best_val_f1": 0.6730268863833477,
  "val_best_thresh": 0.15000000000000002,
  "n_train": 6580,
  "n_test": 1322,
  "pretrained": true
}