{
  "accuracy": 0.876453302670244,
  "precision": 0.8053040103492884,
  "recall": 0.4325920778318277,
  "f1": 0.5628390596745028,
  "cv_f1_mean": 0.6693936941332982,
  "cv_f1_std": 0.027428234507235014,
  "n_train_videos": 17524,
  "n_test_videos": 7511
}