{
  "accuracy": 0.855212725182062,
  "precision": 0.8059029514757379,
  "recall": 0.2798818624044475,
  "f1": 0.4154738878143133,
  "cv_f1_mean": 0.44224465526039464,
  "cv_f1_std": 0.13488668463109033,
  "n_train_videos": 17524,
  "n_test_videos": 7511
}