{
  "f1": 0.5282828282828282,
  "accuracy": 0.6218623481781377,
  "precision": 0.5272177419354839,
  "recall": 0.5293522267206477,
  "best_epoch": 22,
  "best_val_f1": 0.6573275862068966,
  "val_best_thresh": 0.20000000000000004,
  "n_train": 4799,
  "n_test": 2470,
  "pretrained": true
}