{
  "accuracy": 0.9115561517822921,
  "precision": 0.9497139415838602,
  "recall": 0.5479499652536484,
  "f1": 0.6949432631926848,
  "cv_f1_mean": 0.7869245751049111,
  "cv_f1_std": 0.04708473587853806,
  "n_train_videos": 17524,
  "n_test_videos": 7511
}