{
  "accuracy": 0.6777983920841064,
  "precision": 0.7085265067526708,
  "recall": 0.7520325203252033,
  "f1": 0.7296315516346653,
  "cv_f1_mean": 0.7657860990029132,
  "cv_f1_std": 0.03878800725351087,
  "n_train_videos": 17511,
  "n_test_videos": 7505
}