{
  "accuracy": 0.7217068645640075,
  "precision": 0.7988165680473372,
  "recall": 0.693196405648267,
  "f1": 0.7422680412371134,
  "cv_f1_mean": 0.6840814333769538,
  "cv_f1_std": 0.02449686152745227,
  "n_train_videos": 17511,
  "n_test_videos": 7505
}