{
  "accuracy": 0.3286852589641434,
  "precision": 0.033236994219653176,
  "recall": 0.8214285714285714,
  "f1": 0.06388888888888888,
  "best_epoch": 0,
  "best_val_loss": 0.06241739677664425,
  "best_threshold": 0.6000000000000002,
  "n_train": 4580,
  "n_test": 1004,
  "n_params": 150210,
  "input_dim": 9,
  "hidden_dim": 64,
  "num_layers": 2
}