{
  "f1": 0.567769477054429,
  "accuracy": 0.5668449197860963,
  "precision": 0.4724689165186501,
  "recall": 0.7112299465240641,
  "best_epoch": 124,
  "best_val_f1": 0.6968325791855203,
  "val_best_thresh": 0.6000000000000002,
  "n_train": 1700,
  "n_test": 935,
  "pretrained": true
}