{
  "accuracy": 0.6468769325912183,
  "precision": 0.7423394617639222,
  "recall": 0.5960633290543432,
  "f1": 0.6612080218345793,
  "cv_f1_mean": 0.4678626948622187,
  "cv_f1_std": 0.02269601019087556,
  "n_train_videos": 17511,
  "n_test_videos": 7505
}