{
  "accuracy": 0.5272727272727272,
  "precision": 0.4486404833836858,
  "recall": 0.7941176470588235,
  "f1": 0.5733590733590733,
  "train_f1": 0.9476716274603937,
  "confusion_matrix": {
    "TP": 297,
    "FP": 365,
    "TN": 196,
    "FN": 77
  }
}